"","instrument"
"1","violin"
"2","violin"
"3","violin"
"4","violin"
"5","violin"
"6","violin"
"7","violin"
"8","violin"
"9","violin"
"10","violin"
"11","violin"
"12","violin"
"13","violin"
"14","violin"
"15","violin"
"16","violin"
"17","violin"
"18","violin"
"19","violin"
"20","violin"
"21","violin"
"22","violin"
"23","violin"
"24","violin"
"25","violin"
"26","violin"
"27","violin"
"28","violin"
"29","violin"
"30","violin"
"31","violin"
"32","violin"
"33","violin"
"34","violin"
"35","violin"
"36","violin"
"37","violin"
"38","violin"
"39","violin"
"40","violin"
"41","violin"
"42","violin"
"43","violin"
"44","violin"
"45","violin"
"46","violin"
"47","violin"
"48","violin"
"49","violin"
"50","violin"
"51","violin"
"52","violin"
"53","violin"
"54","violin"
"55","violin"
"56","violin"
"57","violin"
"58","violin"
"59","violin"
"60","violin"
"61","violin"
"62","violin"
"63","violin"
"64","violin"
"65","violin"
"66","violin"
"67","violin"
"68","violin"
"69","violin"
"70","violin"
"71","violin"
"72","violin"
"73","violin"
"74","violin"
"75","violin"
"76","violin"
"77","violin"
"78","violin"
"79","viola"
"80","viola"
"81","viola"
"82","viola"
"83","violin"
"84","violin"
"85","violin"
"86","violin"
"87","violin"
"88","violin"
"89","violin"
"90","viola"
"91","viola"
"92","viola"
"93","viola"
"94","viola"
"95","viola"
"96","viola"
"97","viola"
"98","viola"
"99","viola"
"100","viola"
"101","viola"
"102","viola"
"103","viola"
"104","cello"
"105","cello"
"106","cello"
"107","cello"
"108","cello"
"109","cello"
"110","cello"
"111","cello"
"112","cello"
"113","cello"
"114","cello"
"115","cello"
"116","cello"
"117","cello"
"118","cello"
"119","cello"
"120","double bass"
"121","double bass"
"122","double bass"
"123","double bass"
"124","double bass"
"125","bass"
"126","bass"
"127","cello"
"128","cello"
"129","double bass"
"130","double bass"
"131","double bass"
"132","double bass"
"133","bass"
"134","bass"
"135","bass"
"136","bass"
"137","double bass"
"138","double bass"
"139","double bass"
"140","double bass"
"141","bass"
"142","double bass"
"143","double bass"
"144","double bass"
"145","harp"
"146","harp"
"147","flute"
"148","flute"
"149","flute"
"150","flute"
"151","flute"
"152","flute"
"153","flute"
"154","flute"
"155","flute and piccolo"
"156","flute and piccolo"
"157","flute and piccolo"
"158","flute and piccolo"
"159","flute and piccolo"
"160","flute and piccolo"
"161","flute and piccolo"
"162","flute and piccolo"
"163","oboe"
"164","oboe"
"165","oboe"
"166","oboe"
"167","oboe"
"168","oboe"
"169","oboe"
"170","oboe"
"171","oboe"
"172","oboe"
"173","oboe"
"174","oboe"
"175","oboe"
"176","oboe"
"177","clarinet"
"178","clarinet"
"179","clarinet"
"180","clarinet"
"181","clarinet"
"182","clarinet"
"183","clarinet"
"184","clarinet"
"185","clarinet"
"186","bassoon"
"187","bassoon"
"188","bassoon"
"189","bassoon"
"190","bassoon"
"191","bassoonist and contrabassoon"
"192","bassoonist and contrabassoon"
"193","horn"
"194","horn"
"195","horn"
"196","horn"
"197","horn"
"198","horn"
"199","horn"
"200","horn"
"201","horn"
"202","horn"
"203","french horn"
"204","french horn"
"205","french horn"
"206","horn"
"207","trumpet"
"208","trumpet"
"209","bass trombone"
"210","bass trombone"
"211","bass trombone"
"212","bass trombone"
"213","bass trombone"
"214","bass trombone"
"215","bass trombone"
"216","bass trombone"
"217","tuba"
"218","tuba"
"219","tuba"
"220","tuba"
"221","trombone"
"222","trombone"
"223","trombone"
"224","percussion"
"225","percussion"
"226","percussion"
"227","timpani"
"228","percussion"
"229","percussion"
"230","percussion"
"231","percussion"
"232","percussion"
"233","percussion"
"234","percussion"
"235","percussion"
"236","percussion"
"237","principal librarian"
"238","principal librarian"
"239","principal librarian"
"240","principal librarian"
"241","principal librarian"
"242","trombone"
"243","trombone"
"244","trombone"
"245","trombone"
"246","trombone"
"247","violin"
"248","violin"
"249","violin"
"250","bass"
"251","violin"
"252","violin"
"253","violin"
"254","violin"
"255","violin"
"256","violin"
"257","violin"
"258","violin"
"259","violin"
"260","violin"
"261","violin"
"262","violin"
"263","violin"
"264","violin"
"265","violin"
"266","violin"
"267","violin"
"268","violin"
"269","violin"
"270","violin"
"271","violin"
"272","violin"
"273","violin"
"274","violin"
"275","violin"
"276","violin"
"277","violin"
"278","violin"
"279","violin"
"280","violin"
"281","violin"
"282","violin"
"283","violin"
"284","violin"
"285","violin"
"286","violin"
"287","violin"
"288","violin"
"289","violin"
"290","violin"
"291","violin"
"292","violin"
"293","violin"
"294","violin"
"295","violin"
"296","violin"
"297","violin"
"298","violin"
"299","violin"
"300","violin"
"301","violin"
"302","violin"
"303","violin"
"304","violin"
"305","violin"
"306","violin"
"307","violin"
"308","violin"
"309","violin"
"310","violin"
"311","violin"
"312","violin"
"313","violin"
"314","violin"
"315","violin"
"316","violin"
"317","violin"
"318","violin"
"319","violin"
"320","violin"
"321","violin"
"322","violin"
"323","violin"
"324","violin"
"325","violin"
"326","violin"
"327","violin"
"328","violin"
"329","violin"
"330","violin"
"331","violin"
"332","violin"
"333","violin"
"334","violin"
"335","violin"
"336","violin"
"337","violin"
"338","violin"
"339","violin"
"340","violin"
"341","violin"
"342","violin"
"343","violin"
"344","violin"
"345","violin"
"346","violin"
"347","violin"
"348","violin"
"349","violin"
"350","violin"
"351","violin"
"352","violin"
"353","violin"
"354","violin"
"355","violin"
"356","viola"
"357","viola"
"358","viola"
"359","viola"
"360","viola"
"361","viola"
"362","viola"
"363","viola"
"364","viola"
"365","viola"
"366","viola"
"367","viola"
"368","viola"
"369","viola"
"370","viola"
"371","viola"
"372","viola"
"373","viola"
"374","viola"
"375","viola"
"376","viola"
"377","viola"
"378","viola"
"379","viola"
"380","viola"
"381","viola"
"382","viola"
"383","viola"
"384","viola"
"385","viola"
"386","viola"
"387","viola"
"388","viola"
"389","viola"
"390","viola"
"391","viola"
"392","viola"
"393","viola"
"394","viola"
"395","viola"
"396","viola"
"397","viola"
"398","viola"
"399","viola"
"400","viola"
"401","viola"
"402","viola"
"403","viola"
"404","viola"
"405","viola"
"406","viola"
"407","viola"
"408","viola"
"409","viola"
"410","viola"
"411","viola"
"412","viola"
"413","viola"
"414","cello"
"415","cello"
"416","cello"
"417","cello"
"418","cello"
"419","cello"
"420","cello"
"421","cello"
"422","cello"
"423","cello"
"424","cello"
"425","cello"
"426","cello"
"427","cello"
"428","cello"
"429","cello"
"430","cello"
"431","cello"
"432","cello"
"433","cello"
"434","cello"
"435","cello"
"436","cello"
"437","cello"
"438","cello"
"439","cello"
"440","bass"
"441","double bass"
"442","double bass"
"443","double bass"
"444","double bass"
"445","double bass"
"446","double bass"
"447","double bass"
"448","double bass"
"449","double bass"
"450","double bass"
"451","double bass"
"452","double bass"
"453","double bass"
"454","double bass"
"455","double bass"
"456","double bass"
"457","double bass"
"458","double bass"
"459","bass"
"460","bass"
"461","bass"
"462","flute"
"463","flute"
"464","flute"
"465","flute"
"466","flute"
"467","flute"
"468","bass"
"469","bass"
"470","bass"
"471","bass"
"472","bass"
"473","bass"
"474","piccolo"
"475","flute"
"476","flute"
"477","flute"
"478","flute"
"479","oboe"
"480","oboe"
"481","english horn"
"482","clarinet"
"483","clarinet"
"484","clarinet"
"485","clarinet"
"486","clarinet"
"487","clarinet"
"488","clarinet"
"489","clarinet"
"490","clarinet"
"491","bassoon"
"492","bassoon"
"493","bassoon"
"494","bassoon"
"495","bassoon"
"496","bassoon"
"497","contrabassoon"
"498","contrabassoon"
"499","contrabassoon"
"500","contrabassoon"
"501","contrabassoon"
"502","contrabassoon"
"503","contrabassoon"
"504","contrabassoon"
"505","contrabassoon"
"506","contrabassoon"
"507","contrabassoon"
"508","contrabassoon"
"509","contrabassoon"
"510","contrabassoon"
"511","horn"
"512","horn"
"513","horn"
"514","horn"
"515","horn"
"516","horn"
"517","trumpet"
"518","trumpet"
"519","trumpet"
"520","french horn"
"521","french horn"
"522","french horn"
"523","french horn"
"524","french horn"
"525","french horn"
"526","french horn"
"527","horn"
"528","horn"
"529","trumpet"
"530","trumpet"
"531","trumpet"
"532","trumpet"
"533","trumpet"
"534","trombone"
"535","trombone"
"536","trumpet"
"537","trumpet"
"538","trumpet"
"539","trumpet"
"540","trombone"
"541","trombone"
"542","trombone"
"543","trombone"
"544","trombone"
"545","trombone"
"546","percussion"
"547","percussion"
"548","percussion"
"549","percussion"
"550","timpanist/percussion"
"551","percussion"
"552","percussion"
"553","percussion"
"554","percussion"
"555","percussion"
"556","percussion"
"557","percussion"
"558","percussion"
"559","percussion"
"560","percussion"
"561","percussion"
"562","percussion"
"563","percussion"
"564","percussion"
"565","percussion"
"566","percussion"
"567","piano"
"568","cello"
"569","cello"
"570","cello"
"571","harp"
"572","clarinet"
"573","clarinet"
"574","librarian"
"575","librarian"
"576","librarian"
"577","librarian"
"578","conductor"
"579","conductor"
"580","conductor"
"581","conductor"
"582","conductor"
"583","violin"
"584","violin"
"585","violin"
"586","violin"
"587","violin"
"588","violin"
"589","violin"
"590","violin"
"591","violin"
"592","violin"
"593","violin"
"594","violin"
"595","violin"
"596","violin"
"597","violin"
"598","violin"
"599","violin"
"600","violin"
"601","violin"
"602","violin"
"603","violin"
"604","violin"
"605","violin"
"606","violin"
"607","violin"
"608","violin"
"609","violin"
"610","violin"
"611","violin"
"612","violin"
"613","violin"
"614","violin"
"615","violin"
"616","violin"
"617","violin"
"618","violin"
"619","violin"
"620","violin"
"621","violin"
"622","violin"
"623","violin"
"624","violin"
"625","violin"
"626","violin"
"627","violin"
"628","violin"
"629","violin"
"630","violin"
"631","violin"
"632","violin"
"633","violin"
"634","violin"
"635","violin"
"636","violin"
"637","violin"
"638","violin"
"639","violin"
"640","violin"
"641","violin"
"642","violin"
"643","violin"
"644","violin"
"645","violin"
"646","violin"
"647","violin"
"648","violin"
"649","violin"
"650","violin"
"651","violin"
"652","violin"
"653","violin"
"654","violin"
"655","violin"
"656","violin"
"657","violin"
"658","violin"
"659","violin"
"660","viola"
"661","viola"
"662","violin"
"663","violin"
"664","violin"
"665","violin"
"666","viola"
"667","viola"
"668","viola"
"669","viola"
"670","viola"
"671","viola"
"672","viola"
"673","viola"
"674","viola"
"675","viola"
"676","viola"
"677","viola"
"678","viola"
"679","viola"
"680","viola"
"681","viola"
"682","viola"
"683","viola"
"684","viola"
"685","viola"
"686","viola"
"687","viola"
"688","viola"
"689","viola"
"690","viola"
"691","viola"
"692","viola"
"693","viola"
"694","viola"
"695","cello"
"696","cello"
"697","cello"
"698","cello"
"699","cello"
"700","cello"
"701","cello"
"702","cello"
"703","cello"
"704","cello"
"705","cello"
"706","cello"
"707","cello"
"708","cello"
"709","cello"
"710","cello"
"711","cello"
"712","cello"
"713","cello"
"714","cello"
"715","cello"
"716","cello"
"717","cello"
"718","cello"
"719","cello"
"720","cello"
"721","cello"
"722","cello"
"723","cello"
"724","cello"
"725","cello"
"726","cello"
"727","cello"
"728","cello"
"729","cello"
"730","cello"
"731","cello"
"732","double bass"
"733","double bass"
"734","double bass"
"735","double bass"
"736","double bass"
"737","double bass"
"738","double bass"
"739","double bass"
"740","double bass"
"741","double bass"
"742","double bass"
"743","double bass"
"744","double bass"
"745","double bass"
"746","double bass"
"747","double bass"
"748","double bass"
"749","double bass"
"750","double bass"
"751","double bass"
"752","double bass"
"753","double bass"
"754","flute"
"755","flute"
"756","flute"
"757","flute"
"758","double bass"
"759","piccolo"
"760","piccolo"
"761","flute"
"762","flute"
"763","oboe"
"764","oboe"
"765","clarinet"
"766","clarinet"
"767","oboe"
"768","oboe"
"769","oboe"
"770","clarinet"
"771","clarinet"
"772","clarinet"
"773","clarinet"
"774","clarinet"
"775","clarinet"
"776","contrabassoon"
"777","contrabassoon"
"778","horn"
"779","horn"
"780","horn"
"781","horn"
"782","french horn"
"783","trumpet"
"784","trumpet"
"785","trumpet"
"786","trumpet"
"787","trumpet"
"788","trumpet"
"789","trumpet"
"790","trumpet"
"791","trombone"
"792","trombone"
"793","trombone"
"794","trumpet"
"795","trumpet"
"796","bass trombone"
"797","tuba"
"798","percussion"
"799","percussion"
"800","percussion"
"801","percussion"
"802","percussion"
"803","percussion"
"804","percussion"
"805","percussion"
"806","harp"
"807","harp"
"808","conductor"
"809","conductor"
"810","director"
"811","director"
"812","conductor"
"813","conductor"
"814","conductor"
"815","conductor"
"816","conductor"
"817","conductor"
"818","conductor"
"819","conductor"
"820","conductor"
"821","conductor"
"822","conductor"
"823","double bass"
"824","double bass"
"825","violin"
"826","violin"
"827","violin"
"828","violin"
"829","violin"
"830","violin"
"831","violin"
"832","violin"
"833","violin"
"834","violin"
"835","violin"
"836","violin"
"837","violin"
"838","violin"
"839","violin"
"840","violin"
"841","violin"
"842","violin"
"843","violin"
"844","violin"
"845","violin"
"846","violin"
"847","violin"
"848","violin"
"849","violin"
"850","violin"
"851","violin"
"852","violin"
"853","violin"
"854","violin"
"855","violin"
"856","violin"
"857","violin"
"858","violin"
"859","violin"
"860","violin"
"861","violin"
"862","violin"
"863","violin"
"864","violin"
"865","violin"
"866","violin"
"867","violin"
"868","violin"
"869","violin"
"870","violin"
"871","violin"
"872","violin"
"873","violin"
"874","violin"
"875","violin"
"876","violin"
"877","violin"
"878","violin"
"879","violin"
"880","violin"
"881","violin"
"882","violin"
"883","violin"
"884","violin"
"885","violin"
"886","violin"
"887","violin"
"888","violin"
"889","violin"
"890","violin"
"891","violin"
"892","violin"
"893","violin"
"894","violin"
"895","violin"
"896","violin"
"897","violin"
"898","harpsichordist"
"899","harpsichordist"
"900","violin"
"901","violin"
"902","violin"
"903","violin"
"904","violin"
"905","violin"
"906","violin"
"907","violin"
"908","violin"
"909","violin"
"910","violin"
"911","violin"
"912","violin"
"913","violin"
"914","violin"
"915","violin"
"916","violin"
"917","violin"
"918","violin"
"919","violin"
"920","violin"
"921","viola"
"922","viola"
"923","viola"
"924","viola"
"925","viola"
"926","viola"
"927","viola"
"928","viola"
"929","viola"
"930","viola"
"931","viola"
"932","viola"
"933","viola"
"934","viola"
"935","viola"
"936","viola"
"937","viola"
"938","viola"
"939","viola"
"940","viola"
"941","viola"
"942","viola"
"943","viola"
"944","viola"
"945","viola"
"946","viola"
"947","viola"
"948","viola"
"949","viola"
"950","viola"
"951","viola"
"952","cello"
"953","cello"
"954","cello"
"955","cello"
"956","cello"
"957","cello"
"958","cello"
"959","cello"
"960","cello"
"961","cello"
"962","cello"
"963","cello"
"964","cello"
"965","cello"
"966","cello"
"967","cello"
"968","cello"
"969","cello"
"970","cello"
"971","cello"
"972","cello"
"973","cello"
"974","cello"
"975","cello"
"976","cello"
"977","double bass"
"978","double bass"
"979","bass"
"980","bass"
"981","bass"
"982","double bass"
"983","double bass"
"984","double bass"
"985","flute"
"986","flute"
"987","flute"
"988","flute"
"989","flute"
"990","flute"
"991","flute"
"992","flute"
"993","piccoloist"
"994","piccoloist"
"995","piccoloist"
"996","oboe"
"997","oboe"
"998","oboe"
"999","oboe"
"1000","english horn"
"1001","english horn"
"1002","clarinet"
"1003","clarinet"
"1004","clarinet"
"1005","clarinet"
"1006","clarinet"
"1007","clarinet"
"1008","clarinet"
"1009","clarinet"
"1010","clarinet"
"1011","bassoon"
"1012","bassoon"
"1013","bassoon"
"1014","bassoon"
"1015","bassoon"
"1016","bassoon"
"1017","bassoon"
"1018","bassoon"
"1019","bassoon"
"1020","bassoon"
"1021","bassoon"
"1022","bassoon"
"1023","horn"
"1024","horn"
"1025","horn"
"1026","horn"
"1027","horn"
"1028","horn"
"1029","french horn"
"1030","french horn"
"1031","trumpet"
"1032","french horn"
"1033","french horn"
"1034","french horn"
"1035","french horn"
"1036","french horn"
"1037","horn"
"1038","horn"
"1039","trombone"
"1040","trombone"
"1041","trombone"
"1042","trumpet"
"1043","trumpet"
"1044","trumpet"
"1045","trombone"
"1046","trombone"
"1047","trombone"
"1048","bass trombone"
"1049","bass trombone"
"1050","tuba"
"1051","percussion"
"1052","percussion"
"1053","percussion"
"1054","percussion"
"1055","percussion"
"1056","percussion"
"1057","percussion"
"1058","percussion"
"1059","percussion"
"1060","percussion"
"1061","percussion"
"1062","percussion"
"1063","percussion"
"1064","percussion"
"1065","percussion"
"1066","percussion"
"1067","percussion"
"1068","piano"
"1069","piano"
"1070","piano"
"1071","piano"
"1072","piano"
"1073","harpsichordist"
"1074","harpsichordist"
"1075","harp"
"1076","conductor"
"1077","conductor"
"1078","conductor"
"1079","violin"
"1080","violin"
"1081","violin"
"1082","violin"
"1083","violin"
"1084","violin"
"1085","violin"
"1086","violin"
"1087","violin"
"1088","violin"
"1089","violin"
"1090","violin"
"1091","violin"
"1092","violin"
"1093","violin"
"1094","violin"
"1095","violin"
"1096","violin"
"1097","violin"
"1098","violin"
"1099","violin"
"1100","violin"
"1101","violin"
"1102","violin"
"1103","violin"
"1104","violin"
"1105","violin"
"1106","violin"
"1107","violin"
"1108","violin"
"1109","violin"
"1110","violin"
"1111","violin"
"1112","violin"
"1113","violin"
"1114","violin"
"1115","violin"
"1116","violin"
"1117","violin"
"1118","violin"
"1119","violin"
"1120","violin"
"1121","violin"
"1122","violin"
"1123","violin"
"1124","violin"
"1125","violin"
"1126","violin"
"1127","violin"
"1128","violin"
"1129","violin"
"1130","violin"
"1131","violin"
"1132","violin"
"1133","violin"
"1134","violin"
"1135","violin"
"1136","violin"
"1137","violin"
"1138","violin"
"1139","violin"
"1140","violin"
"1141","violin"
"1142","violin"
"1143","violin"
"1144","violin"
"1145","violin"
"1146","violin"
"1147","violin"
"1148","violin"
"1149","violin"
"1150","violin"
"1151","violin"
"1152","violin"
"1153","violin"
"1154","violin"
"1155","violin"
"1156","violin"
"1157","violin"
"1158","violin"
"1159","violin"
"1160","violin"
"1161","violin"
"1162","violin"
"1163","violin"
"1164","violin"
"1165","violin"
"1166","violin"
"1167","violin"
"1168","violin"
"1169","violin"
"1170","violin"
"1171","violin"
"1172","violin"
"1173","violin"
"1174","violin"
"1175","violin"
"1176","violin"
"1177","violin"
"1178","violin"
"1179","viola"
"1180","viola"
"1181","viola"
"1182","viola"
"1183","viola"
"1184","viola"
"1185","viola"
"1186","viola"
"1187","viola"
"1188","viola"
"1189","viola"
"1190","viola"
"1191","viola"
"1192","viola"
"1193","viola"
"1194","viola"
"1195","viola"
"1196","viola"
"1197","viola"
"1198","viola"
"1199","viola"
"1200","viola"
"1201","viola"
"1202","viola"
"1203","cello"
"1204","cello"
"1205","cello"
"1206","cello"
"1207","cello"
"1208","cello"
"1209","cello"
"1210","cello"
"1211","cello"
"1212","cello"
"1213","cello"
"1214","cello"
"1215","cello"
"1216","cello"
"1217","cello"
"1218","cello"
"1219","cello"
"1220","cello"
"1221","cello"
"1222","cello"
"1223","cello"
"1224","cello"
"1225","cello"
"1226","cello"
"1227","cello"
"1228","cello"
"1229","cello"
"1230","cello"
"1231","cello"
"1232","double bass"
"1233","cello"
"1234","cello"
"1235","cello"
"1236","cello"
"1237","double bass"
"1238","double bass"
"1239","double bass"
"1240","double bass"
"1241","double bass"
"1242","double bass"
"1243","double bass"
"1244","double bass"
"1245","double bass"
"1246","double bass"
"1247","double bass"
"1248","double bass"
"1249","double bass"
"1250","double bass"
"1251","bass"
"1252","bass"
"1253","bass"
"1254","bass"
"1255","flute"
"1256","flute"
"1257","flute"
"1258","flute"
"1259","flute"
"1260","flute"
"1261","flute"
"1262","flute"
"1263","flute"
"1264","flute"
"1265","flute"
"1266","flute"
"1267","flute"
"1268","flute"
"1269","flute and solo piccolo"
"1270","flute and solo piccolo"
"1271","flute and solo piccolo"
"1272","flute and solo piccolo"
"1273","flute and solo piccolo"
"1274","flute and solo piccolo"
"1275","oboe"
"1276","english horn / oboe"
"1277","clarinet"
"1278","clarinet"
"1279","english horn / oboe"
"1280","clarinet"
"1281","clarinet"
"1282","clarinet"
"1283","clarinet / bass clarinet"
"1284","clarinet / bass clarinet"
"1285","clarinet"
"1286","clarinet"
"1287","bassoon"
"1288","bassoon"
"1289","bassoon"
"1290","bassoon"
"1291","bassoon"
"1292","bassoon"
"1293","bassoon"
"1294","bassoon"
"1295","horn"
"1296","horn"
"1297","horn"
"1298","horn"
"1299","horn"
"1300","horn"
"1301","horn"
"1302","horn"
"1303","horn"
"1304","horn"
"1305","horn"
"1306","horn"
"1307","horn"
"1308","horn"
"1309","french horn"
"1310","french horn"
"1311","french horn"
"1312","trumpet"
"1313","trumpet"
"1314","trumpet"
"1315","trumpet"
"1316","trumpet"
"1317","trumpet"
"1318","trumpet"
"1319","trumpet"
"1320","trumpet"
"1321","trumpet"
"1322","trombone"
"1323","trombone"
"1324","trombone"
"1325","trombone"
"1326","trombone"
"1327","trombone"
"1328","trombone"
"1329","trombone"
"1330","bass trombone"
"1331","bass trombone"
"1332","timpani"
"1333","timpani"
"1334","timpani"
"1335","timpani"
"1336","tuba"
"1337","tuba"
"1338","tuba"
"1339","percussion"
"1340","percussion"
"1341","percussion"
"1342","harpsichordist"
"1343","harpsichordist"
"1344","harp"
"1345","harp"
"1346","harp"
"1347","percussion"
"1348","piano"
"1349","organist"
"1350","tuba"
"1351","violin"
"1352","violin"
"1353","violin"
"1354","violin"
"1355","violin"
"1356","violin"
"1357","violin"
"1358","violin"
"1359","violin"
"1360","violin"
"1361","violin"
"1362","violin"
"1363","violin"
"1364","violin"
"1365","violin"
"1366","violin"
"1367","violin"
"1368","violin"
"1369","violin"
"1370","violin"
"1371","violin"
"1372","violin"
"1373","violin"
"1374","violin"
"1375","violin"
"1376","violin"
"1377","violin"
"1378","violin"
"1379","violin"
"1380","violin"
"1381","violin"
"1382","violin"
"1383","violin"
"1384","violin"
"1385","violin"
"1386","violin"
"1387","violin"
"1388","violin"
"1389","violin"
"1390","violin"
"1391","violin"
"1392","violin"
"1393","violin"
"1394","violin"
"1395","violin"
"1396","violin"
"1397","violin"
"1398","violin"
"1399","violin"
"1400","violin"
"1401","violin"
"1402","violin"
"1403","violin"
"1404","violin"
"1405","violin"
"1406","violin"
"1407","violin"
"1408","violin"
"1409","violin"
"1410","violin"
"1411","violin"
"1412","violin"
"1413","viola"
"1414","viola"
"1415","viola"
"1416","viola"
"1417","violin"
"1418","violin"
"1419","violin"
"1420","viola"
"1421","viola"
"1422","viola"
"1423","viola"
"1424","viola"
"1425","viola"
"1426","viola"
"1427","viola"
"1428","viola"
"1429","viola"
"1430","viola"
"1431","viola"
"1432","viola"
"1433","viola"
"1434","cello"
"1435","cello"
"1436","cello"
"1437","cello"
"1438","cello"
"1439","cello"
"1440","cello"
"1441","cello"
"1442","double bass"
"1443","bass"
"1444","bass"
"1445","cello"
"1446","cello"
"1447","double bass"
"1448","double bass"
"1449","bass"
"1450","bass"
"1451","bass"
"1452","violin"
"1453","double bass"
"1454","bass"
"1455","double bass"
"1456","harp"
"1457","flute"
"1458","flute"
"1459","flute"
"1460","flute"
"1461","flute"
"1462","flute"
"1463","flute and piccolo"
"1464","flute and piccolo"
"1465","flute and piccolo"
"1466","flute and piccolo"
"1467","oboe"
"1468","oboe"
"1469","oboe"
"1470","oboe"
"1471","oboe"
"1472","oboe"
"1473","oboe"
"1474","oboe"
"1475","clarinet"
"1476","clarinet"
"1477","clarinet"
"1478","clarinet"
"1479","clarinet"
"1480","clarinet"
"1481","clarinet"
"1482","clarinet"
"1483","bassoon"
"1484","bassoon"
"1485","bassoon"
"1486","horn"
"1487","horn"
"1488","horn"
"1489","bassoonist and contrabassoon"
"1490","bassoonist and contrabassoon"
"1491","horn"
"1492","horn"
"1493","horn"
"1494","horn"
"1495","french horn"
"1496","french horn"
"1497","horn"
"1498","trumpet"
"1499","trumpet"
"1500","trumpet"
"1501","trumpet"
"1502","trumpet"
"1503","trumpet"
"1504","trumpet"
"1505","trumpet"
"1506","trombone"
"1507","trombone"
"1508","bass trombone"
"1509","bass trombone"
"1510","bass trombone"
"1511","bass trombone"
"1512","bass trombone"
"1513","bass trombone"
"1514","tuba"
"1515","tuba"
"1516","trombone"
"1517","trombone"
"1518","trombone"
"1519","trombone"
"1520","trombone"
"1521","percussion"
"1522","timpani"
"1523","timpani"
"1524","percussion"
"1525","percussion"
"1526","percussion"
"1527","percussion"
"1528","percussion"
"1529","percussion"
"1530","cello"
"1531","principal librarian"
"1532","trombone"
"1533","trombone"
"1534","violin"
"1535","bass"
"1536","violin"
"1537","violin"
"1538","violin"
"1539","violin"
"1540","violin"
"1541","violin"
"1542","violin"
"1543","violin"
"1544","violin"
"1545","violin"
"1546","violin"
"1547","violin"
"1548","violin"
"1549","violin"
"1550","violin"
"1551","violin"
"1552","violin"
"1553","violin"
"1554","violin"
"1555","violin"
"1556","violin"
"1557","violin"
"1558","violin"
"1559","violin"
"1560","violin"
"1561","violin"
"1562","violin"
"1563","violin"
"1564","violin"
"1565","violin"
"1566","violin"
"1567","violin"
"1568","violin"
"1569","violin"
"1570","violin"
"1571","violin"
"1572","violin"
"1573","violin"
"1574","violin"
"1575","violin"
"1576","violin"
"1577","violin"
"1578","violin"
"1579","violin"
"1580","violin"
"1581","violin"
"1582","violin"
"1583","violin"
"1584","violin"
"1585","violin"
"1586","violin"
"1587","violin"
"1588","violin"
"1589","violin"
"1590","violin"
"1591","violin"
"1592","violin"
"1593","violin"
"1594","violin"
"1595","violin"
"1596","violin"
"1597","violin"
"1598","violin"
"1599","violin"
"1600","violin"
"1601","violin"
"1602","violin"
"1603","violin"
"1604","violin"
"1605","viola"
"1606","viola"
"1607","viola"
"1608","viola"
"1609","viola"
"1610","viola"
"1611","viola"
"1612","viola"
"1613","viola"
"1614","viola"
"1615","viola"
"1616","viola"
"1617","viola"
"1618","viola"
"1619","viola"
"1620","viola"
"1621","viola"
"1622","viola"
"1623","viola"
"1624","viola"
"1625","viola"
"1626","viola"
"1627","viola"
"1628","viola"
"1629","viola"
"1630","viola"
"1631","viola"
"1632","viola"
"1633","viola"
"1634","viola"
"1635","viola"
"1636","viola"
"1637","viola"
"1638","cello"
"1639","cello"
"1640","cello"
"1641","cello"
"1642","cello"
"1643","cello"
"1644","cello"
"1645","cello"
"1646","cello"
"1647","cello"
"1648","cello"
"1649","cello"
"1650","cello"
"1651","cello"
"1652","cello"
"1653","cello"
"1654","cello"
"1655","cello"
"1656","cello"
"1657","cello"
"1658","bass"
"1659","double bass"
"1660","double bass"
"1661","double bass"
"1662","double bass"
"1663","double bass"
"1664","double bass"
"1665","double bass"
"1666","double bass"
"1667","double bass"
"1668","bass"
"1669","bass"
"1670","bass"
"1671","bass"
"1672","bass"
"1673","bass"
"1674","bass"
"1675","flute"
"1676","bass"
"1677","bass"
"1678","bass"
"1679","bass"
"1680","bass"
"1681","flute"
"1682","flute"
"1683","bass"
"1684","bass"
"1685","bass"
"1686","piccolo"
"1687","piccolo"
"1688","flute"
"1689","flute"
"1690","oboe"
"1691","oboe"
"1692","piccolo"
"1693","oboe"
"1694","english horn"
"1695","english horn"
"1696","clarinet"
"1697","clarinet"
"1698","clarinet"
"1699","clarinet"
"1700","clarinet"
"1701","bassoon"
"1702","bassoon"
"1703","bassoon"
"1704","bassoon"
"1705","bassoon"
"1706","bassoon"
"1707","french horn"
"1708","french horn"
"1709","french horn"
"1710","contrabassoon"
"1711","contrabassoon"
"1712","contrabassoon"
"1713","contrabassoon"
"1714","horn"
"1715","horn"
"1716","horn"
"1717","horn"
"1718","horn"
"1719","horn"
"1720","trumpet"
"1721","trumpet"
"1722","french horn"
"1723","french horn"
"1724","horn"
"1725","trumpet"
"1726","trumpet"
"1727","trumpet"
"1728","trumpet"
"1729","trombone"
"1730","trumpet"
"1731","trumpet"
"1732","bass trombone"
"1733","trombone"
"1734","trombone"
"1735","trombone"
"1736","trombone"
"1737","percussion"
"1738","percussion"
"1739","timpanist/percussion"
"1740","timpanist/percussion"
"1741","percussion"
"1742","percussion"
"1743","percussion"
"1744","percussion"
"1745","piano"
"1746","cello"
"1747","harp"
"1748","clarinet"
"1749","clarinet"
"1750","librarian"
"1751","librarian"
"1752","conductor"
"1753","conductor"
"1754","conductor"
"1755","violin"
"1756","violin"
"1757","violin"
"1758","violin"
"1759","violin"
"1760","violin"
"1761","violin"
"1762","violin"
"1763","violin"
"1764","violin"
"1765","violin"
"1766","violin"
"1767","violin"
"1768","violin"
"1769","violin"
"1770","violin"
"1771","violin"
"1772","violin"
"1773","violin"
"1774","violin"
"1775","violin"
"1776","violin"
"1777","unknown"
"1778","unknown"
"1779","violin"
"1780","violin"
"1781","violin"
"1782","violin"
"1783","violin"
"1784","violin"
"1785","violin"
"1786","violin"
"1787","violin"
"1788","violin"
"1789","violin"
"1790","violin"
"1791","violin"
"1792","violin"
"1793","violin"
"1794","violin"
"1795","violin"
"1796","violin"
"1797","violin"
"1798","violin"
"1799","violin"
"1800","violin"
"1801","violin"
"1802","violin"
"1803","violin"
"1804","violin"
"1805","violin"
"1806","viola"
"1807","violin"
"1808","violin"
"1809","viola"
"1810","viola"
"1811","viola"
"1812","viola"
"1813","viola"
"1814","viola"
"1815","viola"
"1816","viola"
"1817","viola"
"1818","viola"
"1819","viola"
"1820","viola"
"1821","viola"
"1822","viola"
"1823","viola"
"1824","viola"
"1825","viola"
"1826","viola"
"1827","cello"
"1828","cello"
"1829","cello"
"1830","cello"
"1831","cello"
"1832","cello"
"1833","cello"
"1834","cello"
"1835","cello"
"1836","cello"
"1837","cello"
"1838","cello"
"1839","cello"
"1840","cello"
"1841","double bass"
"1842","double bass"
"1843","orchestra musician"
"1844","orchestra musician"
"1845","orchestra musician"
"1846","double bass"
"1847","double bass"
"1848","double bass"
"1849","double bass"
"1850","double bass"
"1851","double bass"
"1852","double bass"
"1853","double bass"
"1854","double bass"
"1855","double bass"
"1856","double bass"
"1857","flute"
"1858","flute"
"1859","flute"
"1860","flute"
"1861","double bass"
"1862","double bass"
"1863","double bass"
"1864","double bass"
"1865","piccolo"
"1866","piccolo"
"1867","flute"
"1868","flute"
"1869","oboe"
"1870","oboe"
"1871","oboe"
"1872","oboe"
"1873","oboe"
"1874","clarinet"
"1875","clarinet"
"1876","oboe"
"1877","clarinet"
"1878","clarinet"
"1879","bassoon"
"1880","bassoon"
"1881","bassoon"
"1882","bassoon"
"1883","bassoon"
"1884","bassoon"
"1885","clarinet"
"1886","clarinet"
"1887","horn"
"1888","horn"
"1889","horn"
"1890","horn"
"1891","horn"
"1892","horn"
"1893","horn"
"1894","french horn"
"1895","french horn"
"1896","trumpet"
"1897","trumpet"
"1898","trumpet"
"1899","trumpet"
"1900","trumpet"
"1901","trombone"
"1902","trombone"
"1903","trombone"
"1904","trombone"
"1905","trumpet"
"1906","bass trombone"
"1907","tuba"
"1908","tuba"
"1909","timpani"
"1910","timpani"
"1911","timpani"
"1912","percussion"
"1913","percussion"
"1914","percussion"
"1915","percussion"
"1916","percussion"
"1917","percussion"
"1918","harp"
"1919","harp"
"1920","french horn"
"1921","french horn"
"1922","conductor"
"1923","conductor"
"1924","tuba"
"1925","tuba"
"1926","tuba"
"1927","tuba"
"1928","stage manager"
"1929","stage manager"
"1930","director"
"1931","conductor"
"1932","conductor"
"1933","conductor"
"1934","conductor"
"1935","conductor"
"1936","conductor"
"1937","conductor"
"1938","conductor"
"1939","conductor"
"1940","double bass"
"1941","violin"
"1942","violin"
"1943","violin"
"1944","violin"
"1945","violin"
"1946","violin"
"1947","violin"
"1948","violin"
"1949","violin"
"1950","violin"
"1951","violin"
"1952","violin"
"1953","violin"
"1954","violin"
"1955","violin"
"1956","violin"
"1957","violin"
"1958","violin"
"1959","violin"
"1960","violin"
"1961","violin"
"1962","violin"
"1963","violin"
"1964","violin"
"1965","violin"
"1966","violin"
"1967","violin"
"1968","violin"
"1969","violin"
"1970","violin"
"1971","violin"
"1972","violin"
"1973","violin"
"1974","violin"
"1975","harpsichordist"
"1976","violin"
"1977","violin"
"1978","violin"
"1979","violin"
"1980","violin"
"1981","violin"
"1982","violin"
"1983","violin"
"1984","violin"
"1985","violin"
"1986","violin"
"1987","viola"
"1988","viola"
"1989","viola"
"1990","viola"
"1991","viola"
"1992","viola"
"1993","viola"
"1994","viola"
"1995","viola"
"1996","viola"
"1997","viola"
"1998","viola"
"1999","viola"
"2000","viola"
"2001","viola"
"2002","viola"
"2003","viola"
"2004","viola"
"2005","cello"
"2006","cello"
"2007","cello"
"2008","cello"
"2009","cello"
"2010","cello"
"2011","cello"
"2012","cello"
"2013","cello"
"2014","cello"
"2015","cello"
"2016","cello"
"2017","cello"
"2018","cello"
"2019","cello"
"2020","cello"
"2021","cello"
"2022","cello"
"2023","cello"
"2024","cello"
"2025","double bass"
"2026","bass"
"2027","bass"
"2028","double bass"
"2029","bass"
"2030","bass"
"2031","double bass"
"2032","double bass"
"2033","flute"
"2034","flute"
"2035","flute"
"2036","flute"
"2037","flute"
"2038","piccoloist"
"2039","piccoloist"
"2040","oboe"
"2041","oboe"
"2042","oboe"
"2043","oboe"
"2044","english horn"
"2045","clarinet"
"2046","clarinet"
"2047","clarinet"
"2048","clarinet"
"2049","clarinet"
"2050","clarinet"
"2051","clarinet"
"2052","clarinet"
"2053","clarinet"
"2054","bassoon"
"2055","bassoon"
"2056","bassoon"
"2057","bassoon"
"2058","bassoon"
"2059","bassoon"
"2060","bassoon"
"2061","horn"
"2062","horn"
"2063","horn"
"2064","french horn"
"2065","trumpet"
"2066","trumpet"
"2067","french horn"
"2068","horn"
"2069","horn"
"2070","trombone"
"2071","trumpet"
"2072","trumpet"
"2073","trombone"
"2074","trombone"
"2075","bass trombone"
"2076","tuba"
"2077","tuba"
"2078","percussion"
"2079","percussion"
"2080","percussion"
"2081","percussion"
"2082","percussion"
"2083","percussion"
"2084","percussion"
"2085","percussion"
"2086","percussion"
"2087","percussion"
"2088","percussion"
"2089","percussion"
"2090","piano"
"2091","harpsichordist"
"2092","harp"
"2093","bass clarinet"
"2094","bass clarinet"
"2095","conductor"
"2096","conductor"
"2097","conductor"
"2098","violin"
"2099","violin"
"2100","violin"
"2101","violin"
"2102","violin"
"2103","violin"
"2104","violin"
"2105","violin"
"2106","violin"
"2107","violin"
"2108","violin"
"2109","violin"
"2110","violin"
"2111","violin"
"2112","violin"
"2113","violin"
"2114","violin"
"2115","violin"
"2116","violin"
"2117","violin"
"2118","violin"
"2119","violin"
"2120","violin"
"2121","violin"
"2122","violin"
"2123","violin"
"2124","violin"
"2125","violin"
"2126","violin"
"2127","violin"
"2128","violin"
"2129","violin"
"2130","violin"
"2131","violin"
"2132","violin"
"2133","violin"
"2134","violin"
"2135","violin"
"2136","violin"
"2137","violin"
"2138","violin"
"2139","violin"
"2140","violin"
"2141","violin"
"2142","violin"
"2143","violin"
"2144","violin"
"2145","violin"
"2146","violin"
"2147","violin"
"2148","violin"
"2149","violin"
"2150","violin"
"2151","violin"
"2152","violin"
"2153","violin"
"2154","violin"
"2155","violin"
"2156","viola"
"2157","viola"
"2158","viola"
"2159","viola"
"2160","viola"
"2161","viola"
"2162","viola"
"2163","viola"
"2164","viola"
"2165","viola"
"2166","viola"
"2167","viola"
"2168","viola"
"2169","viola"
"2170","viola"
"2171","viola"
"2172","viola"
"2173","viola"
"2174","cello"
"2175","cello"
"2176","cello"
"2177","cello"
"2178","cello"
"2179","cello"
"2180","cello"
"2181","cello"
"2182","cello"
"2183","cello"
"2184","cello"
"2185","cello"
"2186","cello"
"2187","cello"
"2188","cello"
"2189","cello"
"2190","double bass"
"2191","cello"
"2192","cello"
"2193","cello"
"2194","cello"
"2195","bass"
"2196","bass"
"2197","double bass"
"2198","double bass"
"2199","double bass"
"2200","double bass"
"2201","double bass"
"2202","double bass"
"2203","double bass"
"2204","double bass"
"2205","double bass"
"2206","double bass"
"2207","double bass"
"2208","double bass"
"2209","double bass"
"2210","bass"
"2211","bass"
"2212","bass"
"2213","flute"
"2214","flute"
"2215","flute"
"2216","flute"
"2217","flute"
"2218","flute"
"2219","flute"
"2220","flute"
"2221","flute and solo piccolo"
"2222","flute and solo piccolo"
"2223","oboe"
"2224","oboe"
"2225","english horn / oboe"
"2226","oboe"
"2227","oboe"
"2228","oboe"
"2229","clarinet"
"2230","clarinet"
"2231","clarinet"
"2232","english horn / oboe"
"2233","clarinet"
"2234","clarinet"
"2235","clarinet"
"2236","clarinet"
"2237","clarinet"
"2238","clarinet"
"2239","clarinet"
"2240","clarinet / bass clarinet"
"2241","clarinet / bass clarinet"
"2242","clarinet"
"2243","clarinet"
"2244","bassoon"
"2245","bassoon"
"2246","bassoon"
"2247","bassoon"
"2248","bassoon"
"2249","bassoon"
"2250","bassoon"
"2251","horn"
"2252","horn"
"2253","horn"
"2254","horn"
"2255","horn"
"2256","horn"
"2257","horn"
"2258","horn"
"2259","horn"
"2260","horn"
"2261","horn"
"2262","horn"
"2263","horn"
"2264","french horn"
"2265","french horn"
"2266","trumpet"
"2267","trumpet"
"2268","trumpet"
"2269","trumpet"
"2270","trumpet"
"2271","trumpet"
"2272","trombone"
"2273","trombone"
"2274","trombone"
"2275","trombone"
"2276","bass trombone"
"2277","bass trombone"
"2278","timpani"
"2279","timpani"
"2280","timpani"
"2281","timpani"
"2282","tuba"
"2283","tuba"
"2284","tuba"
"2285","tuba"
"2286","percussion"
"2287","percussion"
"2288","percussion"
"2289","percussion"
"2290","harpsichordist"
"2291","harpsichordist"
"2292","harp"
"2293","percussion"
"2294","piano"
"2295","organist"
"2296","oboe"
"2297","oboe"
"2298","tuba"
"2299","tuba"
"2300","violin"
"2301","violin"
"2302","violin"
"2303","violin"
"2304","violin"
"2305","violin"
"2306","violin"
"2307","violin"
"2308","violin"
"2309","violin"
"2310","violin"
"2311","violin"
"2312","violin"
"2313","violin"
"2314","violin"
"2315","violin"
"2316","violin"
"2317","violin"
"2318","violin"
"2319","violin"
"2320","violin"
"2321","violin"
"2322","violin"
"2323","violin"
"2324","violin"
"2325","violin"
"2326","violin"
"2327","violin"
"2328","violin"
"2329","violin"
"2330","violin"
"2331","violin"
"2332","violin"
"2333","violin"
"2334","violin"
"2335","violin"
"2336","violin"
"2337","violin"
"2338","violin"
"2339","violin"
"2340","violin"
"2341","violin"
"2342","violin"
"2343","violin"
"2344","violin"
"2345","violin"
"2346","violin"
"2347","violin"
"2348","violin"
"2349","violin"
"2350","violin"
"2351","violin"
"2352","violin"
"2353","violin"
"2354","violin"
"2355","viola"
"2356","viola"
"2357","viola"
"2358","viola"
"2359","viola"
"2360","viola"
"2361","violin"
"2362","viola"
"2363","viola"
"2364","viola"
"2365","viola"
"2366","viola"
"2367","viola"
"2368","viola"
"2369","viola"
"2370","viola"
"2371","viola"
"2372","viola"
"2373","viola"
"2374","viola"
"2375","viola"
"2376","viola"
"2377","viola"
"2378","viola"
"2379","viola"
"2380","viola"
"2381","viola"
"2382","cello"
"2383","cello"
"2384","cello"
"2385","cello"
"2386","cello"
"2387","cello"
"2388","cello"
"2389","cello"
"2390","cello"
"2391","cello"
"2392","cello"
"2393","cello"
"2394","cello"
"2395","cello"
"2396","cello"
"2397","cello"
"2398","cello"
"2399","cello"
"2400","cello"
"2401","cello"
"2402","cello"
"2403","cello"
"2404","cello"
"2405","cello"
"2406","cello"
"2407","double bass"
"2408","double bass"
"2409","bass"
"2410","bass"
"2411","bass"
"2412","cello"
"2413","cello"
"2414","cello"
"2415","cello"
"2416","cello"
"2417","cello"
"2418","cello"
"2419","cello"
"2420","cello"
"2421","cello"
"2422","cello"
"2423","cello"
"2424","cello"
"2425","double bass"
"2426","double bass"
"2427","double bass"
"2428","double bass"
"2429","bass"
"2430","bass"
"2431","bass"
"2432","bass"
"2433","violin"
"2434","double bass"
"2435","double bass"
"2436","double bass"
"2437","double bass"
"2438","double bass"
"2439","harp"
"2440","flute"
"2441","flute"
"2442","flute"
"2443","flute"
"2444","flute"
"2445","flute"
"2446","flute"
"2447","flute"
"2448","flute and piccolo"
"2449","flute and piccolo"
"2450","flute and piccolo"
"2451","flute and piccolo"
"2452","flute and piccolo"
"2453","flute and piccolo"
"2454","flute and piccolo"
"2455","flute and piccolo"
"2456","flute and piccolo"
"2457","flute and piccolo"
"2458","flute and piccolo"
"2459","flute and piccolo"
"2460","oboe"
"2461","oboe"
"2462","oboe"
"2463","oboe"
"2464","oboe"
"2465","oboe"
"2466","oboe"
"2467","oboe"
"2468","oboe"
"2469","oboe"
"2470","clarinet"
"2471","clarinet"
"2472","clarinet"
"2473","clarinet"
"2474","clarinet"
"2475","clarinet"
"2476","clarinet"
"2477","clarinet"
"2478","clarinet"
"2479","clarinet"
"2480","clarinet"
"2481","clarinet"
"2482","clarinet"
"2483","clarinet"
"2484","bassoon"
"2485","bassoon"
"2486","bassoon"
"2487","bassoon"
"2488","bassoon"
"2489","bassoon"
"2490","bassoon"
"2491","bassoon"
"2492","bassoon"
"2493","bassoon"
"2494","bassoon"
"2495","horn"
"2496","horn"
"2497","horn"
"2498","bassoonist and contrabassoon"
"2499","bassoonist and contrabassoon"
"2500","bassoonist and contrabassoon"
"2501","horn"
"2502","horn"
"2503","horn"
"2504","horn"
"2505","horn"
"2506","horn"
"2507","horn"
"2508","horn"
"2509","horn"
"2510","horn"
"2511","french horn"
"2512","french horn"
"2513","french horn"
"2514","french horn"
"2515","french horn"
"2516","french horn"
"2517","trumpet"
"2518","trumpet"
"2519","trumpet"
"2520","bass trombone"
"2521","trombone"
"2522","percussion"
"2523","timpani"
"2524","timpani"
"2525","percussion"
"2526","percussion"
"2527","percussion"
"2528","principal librarian"
"2529","principal librarian"
"2530","principal librarian"
"2531","principal librarian"
"2532","principal librarian"
"2533","principal librarian"
"2534","violin"
"2535","bass"
"2536","violin"
"2537","violin"
"2538","violin"
"2539","violin"
"2540","violin"
"2541","violin"
"2542","violin"
"2543","violin"
"2544","violin"
"2545","violin"
"2546","violin"
"2547","violin"
"2548","violin"
"2549","violin"
"2550","violin"
"2551","violin"
"2552","violin"
"2553","violin"
"2554","violin"
"2555","violin"
"2556","violin"
"2557","violin"
"2558","violin"
"2559","violin"
"2560","violin"
"2561","violin"
"2562","violin"
"2563","violin"
"2564","violin"
"2565","violin"
"2566","violin"
"2567","violin"
"2568","violin"
"2569","violin"
"2570","violin"
"2571","violin"
"2572","violin"
"2573","violin"
"2574","violin"
"2575","violin"
"2576","violin"
"2577","violin"
"2578","violin"
"2579","violin"
"2580","violin"
"2581","violin"
"2582","violin"
"2583","violin"
"2584","violin"
"2585","violin"
"2586","violin"
"2587","violin"
"2588","violin"
"2589","violin"
"2590","violin"
"2591","violin"
"2592","violin"
"2593","violin"
"2594","violin"
"2595","violin"
"2596","violin"
"2597","violin"
"2598","violin"
"2599","violin"
"2600","violin"
"2601","violin"
"2602","violin"
"2603","violin"
"2604","violin"
"2605","violin"
"2606","violin"
"2607","violin"
"2608","violin"
"2609","violin"
"2610","violin"
"2611","violin"
"2612","violin"
"2613","violin"
"2614","violin"
"2615","violin"
"2616","violin"
"2617","violin"
"2618","violin"
"2619","viola"
"2620","viola"
"2621","viola"
"2622","viola"
"2623","viola"
"2624","viola"
"2625","viola"
"2626","viola"
"2627","viola"
"2628","viola"
"2629","viola"
"2630","viola"
"2631","viola"
"2632","viola"
"2633","viola"
"2634","viola"
"2635","viola"
"2636","viola"
"2637","viola"
"2638","viola"
"2639","viola"
"2640","viola"
"2641","viola"
"2642","viola"
"2643","viola"
"2644","viola"
"2645","viola"
"2646","viola"
"2647","viola"
"2648","viola"
"2649","viola"
"2650","viola"
"2651","viola"
"2652","viola"
"2653","viola"
"2654","viola"
"2655","viola"
"2656","viola"
"2657","viola"
"2658","viola"
"2659","cello"
"2660","cello"
"2661","cello"
"2662","cello"
"2663","cello"
"2664","cello"
"2665","cello"
"2666","cello"
"2667","cello"
"2668","cello"
"2669","cello"
"2670","cello"
"2671","cello"
"2672","cello"
"2673","cello"
"2674","cello"
"2675","cello"
"2676","cello"
"2677","cello"
"2678","cello"
"2679","cello"
"2680","cello"
"2681","cello"
"2682","cello"
"2683","cello"
"2684","cello"
"2685","cello"
"2686","cello"
"2687","cello"
"2688","cello"
"2689","bass"
"2690","bass"
"2691","bass"
"2692","double bass"
"2693","double bass"
"2694","double bass"
"2695","double bass"
"2696","double bass"
"2697","double bass"
"2698","double bass"
"2699","double bass"
"2700","double bass"
"2701","double bass"
"2702","double bass"
"2703","bass"
"2704","bass"
"2705","bass"
"2706","bass"
"2707","bass"
"2708","bass"
"2709","bass"
"2710","bass"
"2711","bass"
"2712","bass"
"2713","bass"
"2714","flute"
"2715","flute"
"2716","flute"
"2717","flute"
"2718","bass"
"2719","bass"
"2720","flute"
"2721","flute"
"2722","flute"
"2723","oboe"
"2724","oboe"
"2725","oboe"
"2726","oboe"
"2727","oboe"
"2728","oboe"
"2729","oboe"
"2730","oboe"
"2731","oboe"
"2732","oboe"
"2733","clarinet"
"2734","clarinet"
"2735","clarinet"
"2736","clarinet"
"2737","clarinet"
"2738","clarinet"
"2739","clarinet"
"2740","clarinet"
"2741","clarinet"
"2742","clarinet"
"2743","clarinet"
"2744","clarinet"
"2745","clarinet"
"2746","bassoon"
"2747","bassoon"
"2748","french horn"
"2749","french horn"
"2750","contrabassoon"
"2751","contrabassoon"
"2752","horn"
"2753","trumpet"
"2754","french horn"
"2755","french horn"
"2756","french horn"
"2757","french horn"
"2758","french horn"
"2759","trumpet"
"2760","trumpet"
"2761","trombone"
"2762","trombone"
"2763","trombone"
"2764","bass trombone"
"2765","bass trombone"
"2766","trombone"
"2767","trombone"
"2768","trombone"
"2769","trombone"
"2770","trombone"
"2771","trombone"
"2772","trombone"
"2773","percussion"
"2774","timpanist/percussion"
"2775","timpanist/percussion"
"2776","timpanist/percussion"
"2777","percussion"
"2778","percussion"
"2779","percussion"
"2780","piano"
"2781","librarian"
"2782","librarian"
"2783","librarian"
"2784","librarian"
"2785","librarian"
"2786","librarian"
"2787","conductor"
"2788","conductor"
"2789","conductor"
"2790","violin"
"2791","violin"
"2792","violin"
"2793","violin"
"2794","violin"
"2795","violin"
"2796","violin"
"2797","violin"
"2798","violin"
"2799","violin"
"2800","violin"
"2801","violin"
"2802","violin"
"2803","violin"
"2804","violin"
"2805","violin"
"2806","violin"
"2807","violin"
"2808","violin"
"2809","violin"
"2810","violin"
"2811","violin"
"2812","violin"
"2813","violin"
"2814","violin"
"2815","violin"
"2816","violin"
"2817","violin"
"2818","violin"
"2819","violin"
"2820","violin"
"2821","violin"
"2822","violin"
"2823","violin"
"2824","violin"
"2825","violin"
"2826","violin"
"2827","violin"
"2828","violin"
"2829","violin"
"2830","violin"
"2831","violin"
"2832","violin"
"2833","violin"
"2834","violin"
"2835","violin"
"2836","violin"
"2837","violin"
"2838","violin"
"2839","violin"
"2840","violin"
"2841","violin"
"2842","violin"
"2843","viola"
"2844","viola"
"2845","viola"
"2846","viola"
"2847","viola"
"2848","viola"
"2849","viola"
"2850","violin"
"2851","violin"
"2852","violin"
"2853","violin"
"2854","viola"
"2855","viola"
"2856","viola"
"2857","viola"
"2858","viola"
"2859","viola"
"2860","viola"
"2861","viola"
"2862","viola"
"2863","viola"
"2864","viola"
"2865","viola"
"2866","viola"
"2867","viola"
"2868","viola"
"2869","viola"
"2870","viola"
"2871","viola"
"2872","viola"
"2873","viola"
"2874","viola"
"2875","viola"
"2876","viola"
"2877","viola"
"2878","viola"
"2879","viola"
"2880","viola"
"2881","viola"
"2882","cello"
"2883","cello"
"2884","cello"
"2885","cello"
"2886","cello"
"2887","cello"
"2888","cello"
"2889","cello"
"2890","cello"
"2891","cello"
"2892","cello"
"2893","cello"
"2894","cello"
"2895","cello"
"2896","cello"
"2897","cello"
"2898","cello"
"2899","cello"
"2900","cello"
"2901","cello"
"2902","cello"
"2903","cello"
"2904","cello"
"2905","cello"
"2906","cello"
"2907","cello"
"2908","cello"
"2909","cello"
"2910","cello"
"2911","cello"
"2912","cello"
"2913","cello"
"2914","cello"
"2915","cello"
"2916","cello"
"2917","cello"
"2918","cello"
"2919","cello"
"2920","cello"
"2921","cello"
"2922","cello"
"2923","double bass"
"2924","double bass"
"2925","double bass"
"2926","double bass"
"2927","double bass"
"2928","double bass"
"2929","double bass"
"2930","double bass"
"2931","double bass"
"2932","double bass"
"2933","double bass"
"2934","double bass"
"2935","double bass"
"2936","double bass"
"2937","double bass"
"2938","double bass"
"2939","double bass"
"2940","double bass"
"2941","double bass"
"2942","flute"
"2943","flute"
"2944","double bass"
"2945","double bass"
"2946","double bass"
"2947","double bass"
"2948","double bass"
"2949","double bass"
"2950","double bass"
"2951","double bass"
"2952","double bass"
"2953","double bass"
"2954","double bass"
"2955","piccolo"
"2956","flute"
"2957","oboe"
"2958","oboe"
"2959","oboe"
"2960","oboe"
"2961","oboe"
"2962","oboe"
"2963","oboe"
"2964","clarinet"
"2965","clarinet"
"2966","clarinet"
"2967","clarinet"
"2968","bassoon"
"2969","bassoon"
"2970","bassoon"
"2971","bassoon"
"2972","clarinet"
"2973","clarinet"
"2974","clarinet"
"2975","clarinet"
"2976","horn"
"2977","french horn"
"2978","french horn"
"2979","french horn"
"2980","french horn"
"2981","french horn"
"2982","french horn"
"2983","french horn"
"2984","trumpet"
"2985","trumpet"
"2986","trumpet"
"2987","trombone"
"2988","trombone"
"2989","trombone"
"2990","trumpet"
"2991","trumpet"
"2992","bass trombone"
"2993","bass trombone"
"2994","tuba"
"2995","timpani"
"2996","timpani"
"2997","percussion"
"2998","percussion"
"2999","percussion"
"3000","percussion"
"3001","percussion"
"3002","harp"
"3003","harp"
"3004","harp"
"3005","french horn"
"3006","french horn"
"3007","french horn"
"3008","french horn"
"3009","french horn"
"3010","french horn"
"3011","conductor"
"3012","tuba"
"3013","assistant librarian"
"3014","stage manager"
"3015","director"
"3016","conductor"
"3017","conductor"
"3018","conductor"
"3019","conductor"
"3020","conductor"
"3021","conductor"
"3022","conductor"
"3023","conductor"
"3024","conductor"
"3025","conductor"
"3026","double bass"
"3027","storyteller"
"3028","storyteller"
"3029","violin"
"3030","violin"
"3031","violin"
"3032","violin"
"3033","violin"
"3034","violin"
"3035","violin"
"3036","violin"
"3037","violin"
"3038","violin"
"3039","violin"
"3040","violin"
"3041","violin"
"3042","violin"
"3043","violin"
"3044","violin"
"3045","violin"
"3046","violin"
"3047","violin"
"3048","violin"
"3049","violin"
"3050","violin"
"3051","violin"
"3052","violin"
"3053","violin"
"3054","violin"
"3055","violin"
"3056","violin"
"3057","violin"
"3058","violin"
"3059","violin"
"3060","violin"
"3061","violin"
"3062","violin"
"3063","violin"
"3064","violin"
"3065","violin"
"3066","violin"
"3067","violin"
"3068","violin"
"3069","violin"
"3070","violin"
"3071","violin"
"3072","violin"
"3073","violin"
"3074","violin"
"3075","violin"
"3076","violin"
"3077","violin"
"3078","violin"
"3079","violin"
"3080","violin"
"3081","violin"
"3082","violin"
"3083","violin"
"3084","violin"
"3085","violin"
"3086","violin"
"3087","violin"
"3088","violin"
"3089","violin"
"3090","violin"
"3091","violin"
"3092","violin"
"3093","violin"
"3094","violin"
"3095","violin"
"3096","violin"
"3097","viola"
"3098","viola"
"3099","viola"
"3100","viola"
"3101","viola"
"3102","viola"
"3103","viola"
"3104","viola"
"3105","viola"
"3106","viola"
"3107","viola"
"3108","viola"
"3109","viola"
"3110","viola"
"3111","viola"
"3112","viola"
"3113","viola"
"3114","viola"
"3115","viola"
"3116","viola"
"3117","viola"
"3118","viola"
"3119","viola"
"3120","viola"
"3121","viola"
"3122","viola"
"3123","viola"
"3124","viola"
"3125","viola"
"3126","viola"
"3127","viola"
"3128","viola"
"3129","cello"
"3130","cello"
"3131","cello"
"3132","cello"
"3133","cello"
"3134","cello"
"3135","cello"
"3136","cello"
"3137","cello"
"3138","cello"
"3139","cello"
"3140","cello"
"3141","cello"
"3142","cello"
"3143","cello"
"3144","cello"
"3145","cello"
"3146","cello"
"3147","cello"
"3148","cello"
"3149","cello"
"3150","cello"
"3151","cello"
"3152","cello"
"3153","cello"
"3154","cello"
"3155","cello"
"3156","cello"
"3157","cello"
"3158","cello"
"3159","cello"
"3160","cello"
"3161","double bass"
"3162","double bass"
"3163","double bass"
"3164","bass"
"3165","double bass"
"3166","double bass"
"3167","double bass"
"3168","double bass"
"3169","double bass"
"3170","double bass"
"3171","double bass"
"3172","double bass"
"3173","flute"
"3174","flute"
"3175","flute"
"3176","flute"
"3177","flute"
"3178","flute"
"3179","flute"
"3180","flute"
"3181","flute"
"3182","flute"
"3183","piccoloist"
"3184","piccoloist"
"3185","piccoloist"
"3186","piccoloist"
"3187","oboe"
"3188","oboe"
"3189","oboe"
"3190","oboe"
"3191","english horn"
"3192","clarinet"
"3193","clarinet"
"3194","clarinet"
"3195","clarinet"
"3196","clarinet"
"3197","clarinet"
"3198","clarinet"
"3199","clarinet"
"3200","clarinet"
"3201","bassoon"
"3202","bassoon"
"3203","bassoon"
"3204","bassoon"
"3205","bassoon"
"3206","horn"
"3207","horn"
"3208","horn"
"3209","horn"
"3210","horn"
"3211","horn"
"3212","horn"
"3213","horn"
"3214","horn"
"3215","horn"
"3216","horn"
"3217","horn"
"3218","horn"
"3219","horn"
"3220","horn"
"3221","horn"
"3222","horn"
"3223","horn"
"3224","horn"
"3225","french horn"
"3226","french horn"
"3227","french horn"
"3228","french horn"
"3229","french horn"
"3230","french horn"
"3231","french horn"
"3232","french horn"
"3233","french horn"
"3234","horn"
"3235","horn"
"3236","horn"
"3237","horn"
"3238","horn"
"3239","horn"
"3240","trumpet"
"3241","trumpet"
"3242","trumpet"
"3243","trumpet"
"3244","trumpet"
"3245","trumpet"
"3246","trumpet"
"3247","trombone"
"3248","bass trombone"
"3249","bass trombone"
"3250","bass trombone"
"3251","bass trombone"
"3252","bass trombone"
"3253","bass trombone"
"3254","bass trombone"
"3255","bass trombone"
"3256","bass trombone"
"3257","tuba"
"3258","tuba"
"3259","percussion"
"3260","percussion"
"3261","percussion"
"3262","percussion"
"3263","percussion"
"3264","percussion"
"3265","percussion"
"3266","percussion"
"3267","percussion"
"3268","percussion"
"3269","percussion"
"3270","percussion"
"3271","percussion"
"3272","percussion"
"3273","percussion"
"3274","percussion"
"3275","percussion"
"3276","percussion"
"3277","percussion"
"3278","percussion"
"3279","percussion"
"3280","piano"
"3281","piano"
"3282","harp"
"3283","harp"
"3284","harp"
"3285","harp"
"3286","harp"
"3287","harp"
"3288","harp"
"3289","conductor"
"3290","violin"
"3291","violin"
"3292","violin"
"3293","violin"
"3294","violin"
"3295","violin"
"3296","violin"
"3297","violin"
"3298","violin"
"3299","violin"
"3300","violin"
"3301","violin"
"3302","violin"
"3303","violin"
"3304","violin"
"3305","violin"
"3306","violin"
"3307","violin"
"3308","violin"
"3309","violin"
"3310","violin"
"3311","violin"
"3312","violin"
"3313","violin"
"3314","violin"
"3315","violin"
"3316","violin"
"3317","violin"
"3318","violin"
"3319","violin"
"3320","violin"
"3321","violin"
"3322","violin"
"3323","violin"
"3324","violin"
"3325","violin"
"3326","violin"
"3327","violin"
"3328","violin"
"3329","violin"
"3330","violin"
"3331","violin"
"3332","violin"
"3333","violin"
"3334","violin"
"3335","violin"
"3336","violin"
"3337","violin"
"3338","violin"
"3339","violin"
"3340","violin"
"3341","violin"
"3342","violin"
"3343","violin"
"3344","violin"
"3345","violin"
"3346","violin"
"3347","violin"
"3348","violin"
"3349","violin"
"3350","violin"
"3351","violin"
"3352","violin"
"3353","violin"
"3354","violin"
"3355","violin"
"3356","violin"
"3357","violin"
"3358","violin"
"3359","violin"
"3360","violin"
"3361","violin"
"3362","violin"
"3363","violin"
"3364","violin"
"3365","violin"
"3366","violin"
"3367","violin"
"3368","violin"
"3369","violin"
"3370","violin"
"3371","violin"
"3372","violin"
"3373","violin"
"3374","violin"
"3375","violin"
"3376","violin"
"3377","violin"
"3378","violin"
"3379","violin"
"3380","violin"
"3381","violin"
"3382","violin"
"3383","violin"
"3384","violin"
"3385","violin"
"3386","violin"
"3387","violin"
"3388","violin"
"3389","violin"
"3390","violin"
"3391","violin"
"3392","violin"
"3393","violin"
"3394","viola"
"3395","viola"
"3396","viola"
"3397","viola"
"3398","viola"
"3399","viola"
"3400","viola"
"3401","viola"
"3402","viola"
"3403","viola"
"3404","viola"
"3405","viola"
"3406","viola"
"3407","viola"
"3408","viola"
"3409","viola"
"3410","viola"
"3411","viola"
"3412","viola"
"3413","viola"
"3414","viola"
"3415","viola"
"3416","viola"
"3417","viola"
"3418","viola"
"3419","viola"
"3420","viola"
"3421","viola"
"3422","viola"
"3423","viola"
"3424","viola"
"3425","viola"
"3426","viola"
"3427","viola"
"3428","viola"
"3429","cello"
"3430","cello"
"3431","cello"
"3432","cello"
"3433","cello"
"3434","cello"
"3435","cello"
"3436","cello"
"3437","cello"
"3438","cello"
"3439","cello"
"3440","cello"
"3441","cello"
"3442","cello"
"3443","cello"
"3444","cello"
"3445","cello"
"3446","cello"
"3447","cello"
"3448","cello"
"3449","cello"
"3450","cello"
"3451","cello"
"3452","cello"
"3453","cello"
"3454","cello"
"3455","cello"
"3456","cello"
"3457","cello"
"3458","cello"
"3459","cello"
"3460","double bass"
"3461","double bass"
"3462","cello"
"3463","double bass"
"3464","double bass"
"3465","double bass"
"3466","double bass"
"3467","double bass"
"3468","double bass"
"3469","double bass"
"3470","bass"
"3471","bass"
"3472","flute"
"3473","flute"
"3474","flute"
"3475","flute"
"3476","flute and solo piccolo"
"3477","flute and solo piccolo"
"3478","flute and solo piccolo"
"3479","flute and solo piccolo"
"3480","flute and solo piccolo"
"3481","flute and solo piccolo"
"3482","flute and solo piccolo"
"3483","flute and solo piccolo"
"3484","flute and solo piccolo"
"3485","flute and solo piccolo"
"3486","flute and solo piccolo"
"3487","flute and solo piccolo"
"3488","flute and solo piccolo"
"3489","flute and solo piccolo"
"3490","flute and solo piccolo"
"3491","flute and solo piccolo"
"3492","flute and solo piccolo"
"3493","flute and solo piccolo"
"3494","flute and solo piccolo"
"3495","oboe"
"3496","oboe"
"3497","oboe"
"3498","english horn / oboe"
"3499","oboe"
"3500","oboe"
"3501","oboe"
"3502","oboe"
"3503","oboe"
"3504","oboe"
"3505","clarinet"
"3506","english horn / oboe"
"3507","clarinet"
"3508","clarinet"
"3509","clarinet"
"3510","clarinet"
"3511","clarinet"
"3512","clarinet"
"3513","clarinet"
"3514","clarinet"
"3515","clarinet"
"3516","clarinet"
"3517","clarinet"
"3518","clarinet"
"3519","clarinet"
"3520","clarinet"
"3521","clarinet / bass clarinet"
"3522","clarinet / bass clarinet"
"3523","clarinet / bass clarinet"
"3524","clarinet"
"3525","clarinet"
"3526","clarinet"
"3527","bassoon"
"3528","bassoon"
"3529","horn"
"3530","horn"
"3531","horn"
"3532","horn"
"3533","horn"
"3534","horn"
"3535","horn"
"3536","horn"
"3537","horn"
"3538","horn"
"3539","french horn"
"3540","french horn"
"3541","french horn"
"3542","french horn"
"3543","french horn"
"3544","trumpet"
"3545","trumpet"
"3546","trumpet"
"3547","trumpet"
"3548","trumpet"
"3549","trombone"
"3550","trombone"
"3551","trombone"
"3552","trombone"
"3553","trombone"
"3554","trombone"
"3555","trombone"
"3556","trombone"
"3557","trombone"
"3558","bass trombone"
"3559","bass trombone"
"3560","bass trombone"
"3561","bass trombone"
"3562","bass trombone"
"3563","timpani"
"3564","tuba"
"3565","tuba"
"3566","percussion"
"3567","percussion"
"3568","harpsichordist"
"3569","harpsichordist"
"3570","harpsichordist"
"3571","harp"
"3572","percussion"
"3573","percussion"
"3574","percussion"
"3575","percussion"
"3576","percussion"
"3577","percussion"
"3578","percussion"
"3579","organist"
"3580","oboe"
"3581","tuba"
"3582","violin"
"3583","violin"
"3584","violin"
"3585","violin"
"3586","violin"
"3587","violin"
"3588","violin"
"3589","violin"
"3590","violin"
"3591","violin"
"3592","violin"
"3593","violin"
"3594","violin"
"3595","violin"
"3596","violin"
"3597","violin"
"3598","violin"
"3599","violin"
"3600","violin"
"3601","violin"
"3602","violin"
"3603","violin"
"3604","violin"
"3605","violin"
"3606","violin"
"3607","violin"
"3608","violin"
"3609","violin"
"3610","violin"
"3611","violin"
"3612","violin"
"3613","violin"
"3614","violin"
"3615","viola"
"3616","viola"
"3617","viola"
"3618","viola"
"3619","viola"
"3620","viola"
"3621","viola"
"3622","viola"
"3623","viola"
"3624","viola"
"3625","viola"
"3626","viola"
"3627","viola"
"3628","cello"
"3629","cello"
"3630","cello"
"3631","cello"
"3632","cello"
"3633","cello"
"3634","cello"
"3635","cello"
"3636","cello"
"3637","cello"
"3638","bass"
"3639","harp"
"3640","flute"
"3641","flute"
"3642","flute"
"3643","flute"
"3644","clarinet"
"3645","clarinet"
"3646","clarinet"
"3647","clarinet"
"3648","bassoon"
"3649","bassoon"
"3650","horn"
"3651","trumpet"
"3652","trumpet"
"3653","trumpet"
"3654","trumpet"
"3655","trumpet"
"3656","trumpet"
"3657","bass trombone"
"3658","bass trombone"
"3659","trombone"
"3660","trombone"
"3661","trombone"
"3662","trombone"
"3663","percussion"
"3664","timpani"
"3665","percussion"
"3666","violin"
"3667","violin"
"3668","bass"
"3669","violin"
"3670","violin"
"3671","violin"
"3672","violin"
"3673","violin"
"3674","violin"
"3675","violin"
"3676","violin"
"3677","violin"
"3678","violin"
"3679","violin"
"3680","violin"
"3681","violin"
"3682","violin"
"3683","violin"
"3684","violin"
"3685","violin"
"3686","violin"
"3687","violin"
"3688","violin"
"3689","violin"
"3690","violin"
"3691","violin"
"3692","violin"
"3693","violin"
"3694","violin"
"3695","violin"
"3696","violin"
"3697","violin"
"3698","violin"
"3699","violin"
"3700","violin"
"3701","violin"
"3702","violin"
"3703","violin"
"3704","violin"
"3705","violin"
"3706","violin"
"3707","violin"
"3708","violin"
"3709","violin"
"3710","violin"
"3711","violin"
"3712","violin"
"3713","violin"
"3714","violin"
"3715","violin"
"3716","violin"
"3717","violin"
"3718","violin"
"3719","violin"
"3720","violin"
"3721","violin"
"3722","violin"
"3723","violin"
"3724","violin"
"3725","violin"
"3726","violin"
"3727","violin"
"3728","violin"
"3729","violin"
"3730","violin"
"3731","violin"
"3732","viola"
"3733","viola"
"3734","viola"
"3735","viola"
"3736","viola"
"3737","viola"
"3738","viola"
"3739","viola"
"3740","viola"
"3741","viola"
"3742","viola"
"3743","viola"
"3744","viola"
"3745","viola"
"3746","viola"
"3747","viola"
"3748","cello"
"3749","cello"
"3750","cello"
"3751","cello"
"3752","cello"
"3753","cello"
"3754","cello"
"3755","cello"
"3756","double bass"
"3757","bass"
"3758","flute"
"3759","flute"
"3760","flute"
"3761","flute"
"3762","flute"
"3763","bass"
"3764","clarinet"
"3765","clarinet"
"3766","clarinet"
"3767","clarinet"
"3768","clarinet"
"3769","clarinet"
"3770","clarinet"
"3771","clarinet"
"3772","clarinet"
"3773","clarinet"
"3774","bassoon"
"3775","trumpet"
"3776","trombone"
"3777","trombone"
"3778","trombone"
"3779","piano"
"3780","conductor"
"3781","violin"
"3782","violin"
"3783","violin"
"3784","violin"
"3785","violin"
"3786","violin"
"3787","violin"
"3788","violin"
"3789","violin"
"3790","violin"
"3791","violin"
"3792","violin"
"3793","violin"
"3794","violin"
"3795","violin"
"3796","violin"
"3797","violin"
"3798","violin"
"3799","violin"
"3800","violin"
"3801","violin"
"3802","violin"
"3803","violin"
"3804","violin"
"3805","violin"
"3806","violin"
"3807","violin"
"3808","violin"
"3809","violin"
"3810","violin"
"3811","violin"
"3812","viola"
"3813","violin"
"3814","violin"
"3815","violin"
"3816","viola"
"3817","viola"
"3818","viola"
"3819","viola"
"3820","viola"
"3821","viola"
"3822","viola"
"3823","viola"
"3824","viola"
"3825","viola"
"3826","viola"
"3827","viola"
"3828","viola"
"3829","cello"
"3830","cello"
"3831","cello"
"3832","cello"
"3833","cello"
"3834","cello"
"3835","cello"
"3836","cello"
"3837","cello"
"3838","cello"
"3839","cello"
"3840","cello"
"3841","cello"
"3842","cello"
"3843","cello"
"3844","double bass"
"3845","double bass"
"3846","double bass"
"3847","double bass"
"3848","double bass"
"3849","double bass"
"3850","double bass"
"3851","double bass"
"3852","double bass"
"3853","flute"
"3854","clarinet"
"3855","clarinet"
"3856","clarinet"
"3857","clarinet"
"3858","clarinet"
"3859","clarinet"
"3860","french horn"
"3861","trumpet"
"3862","trumpet"
"3863","trumpet"
"3864","trumpet"
"3865","trombone"
"3866","trumpet"
"3867","trumpet"
"3868","trumpet"
"3869","tuba"
"3870","percussion"
"3871","harp"
"3872","harp"
"3873","harp"
"3874","harp"
"3875","harp"
"3876","conductor"
"3877","tuba"
"3878","conductor"
"3879","conductor"
"3880","conductor"
"3881","conductor"
"3882","conductor"
"3883","double bass"
"3884","violin"
"3885","violin"
"3886","violin"
"3887","violin"
"3888","violin"
"3889","violin"
"3890","violin"
"3891","violin"
"3892","violin"
"3893","violin"
"3894","violin"
"3895","violin"
"3896","violin"
"3897","violin"
"3898","violin"
"3899","violin"
"3900","violin"
"3901","violin"
"3902","violin"
"3903","violin"
"3904","violin"
"3905","violin"
"3906","violin"
"3907","violin"
"3908","violin"
"3909","violin"
"3910","violin"
"3911","violin"
"3912","violin"
"3913","violin"
"3914","viola"
"3915","viola"
"3916","viola"
"3917","viola"
"3918","viola"
"3919","viola"
"3920","viola"
"3921","cello"
"3922","cello"
"3923","cello"
"3924","cello"
"3925","cello"
"3926","cello"
"3927","cello"
"3928","double bass"
"3929","bass"
"3930","double bass"
"3931","flute"
"3932","flute"
"3933","flute"
"3934","flute"
"3935","clarinet"
"3936","clarinet"
"3937","clarinet"
"3938","clarinet"
"3939","bassoon"
"3940","bassoon"
"3941","bassoon"
"3942","bassoon"
"3943","bassoon"
"3944","bassoon"
"3945","bassoon"
"3946","bassoon"
"3947","bassoon"
"3948","horn"
"3949","horn"
"3950","trumpet"
"3951","french horn"
"3952","french horn"
"3953","horn"
"3954","trombone"
"3955","trumpet"
"3956","trumpet"
"3957","trombone"
"3958","bass trombone"
"3959","percussion"
"3960","piano"
"3961","harp"
"3962","harp"
"3963","harp"
"3964","violin"
"3965","violin"
"3966","violin"
"3967","violin"
"3968","violin"
"3969","violin"
"3970","violin"
"3971","violin"
"3972","violin"
"3973","violin"
"3974","violin"
"3975","violin"
"3976","violin"
"3977","violin"
"3978","violin"
"3979","violin"
"3980","violin"
"3981","violin"
"3982","violin"
"3983","violin"
"3984","violin"
"3985","violin"
"3986","violin"
"3987","violin"
"3988","violin"
"3989","violin"
"3990","violin"
"3991","violin"
"3992","violin"
"3993","violin"
"3994","violin"
"3995","violin"
"3996","violin"
"3997","violin"
"3998","violin"
"3999","violin"
"4000","violin"
"4001","violin"
"4002","violin"
"4003","violin"
"4004","violin"
"4005","violin"
"4006","violin"
"4007","violin"
"4008","violin"
"4009","violin"
"4010","violin"
"4011","violin"
"4012","violin"
"4013","violin"
"4014","violin"
"4015","violin"
"4016","violin"
"4017","violin"
"4018","violin"
"4019","violin"
"4020","violin"
"4021","violin"
"4022","violin"
"4023","violin"
"4024","violin"
"4025","violin"
"4026","violin"
"4027","violin"
"4028","viola"
"4029","viola"
"4030","viola"
"4031","viola"
"4032","viola"
"4033","viola"
"4034","viola"
"4035","cello"
"4036","cello"
"4037","cello"
"4038","cello"
"4039","cello"
"4040","cello"
"4041","cello"
"4042","cello"
"4043","cello"
"4044","cello"
"4045","cello"
"4046","cello"
"4047","cello"
"4048","cello"
"4049","cello"
"4050","cello"
"4051","double bass"
"4052","double bass"
"4053","double bass"
"4054","double bass"
"4055","double bass"
"4056","double bass"
"4057","double bass"
"4058","double bass"
"4059","double bass"
"4060","flute"
"4061","flute"
"4062","flute"
"4063","flute"
"4064","flute"
"4065","flute"
"4066","flute"
"4067","flute"
"4068","flute"
"4069","oboe"
"4070","english horn / oboe"
"4071","english horn / oboe"
"4072","english horn / oboe"
"4073","english horn / oboe"
"4074","clarinet"
"4075","clarinet"
"4076","bassoon"
"4077","bassoon"
"4078","horn"
"4079","french horn"
"4080","french horn"
"4081","trumpet"
"4082","trumpet"
"4083","trumpet"
"4084","trombone"
"4085","trombone"
"4086","trombone"
"4087","percussion"
"4088","harp"
"4089","piano"
"4090","violin"
"4091","violin"
"4092","violin"
"4093","violin"
"4094","violin"
"4095","violin"
"4096","violin"
"4097","violin"
"4098","violin"
"4099","violin"
"4100","violin"
"4101","violin"
"4102","violin"
"4103","violin"
"4104","violin"
"4105","violin"
"4106","violin"
"4107","violin"
"4108","violin"
"4109","violin"
"4110","violin"
"4111","violin"
"4112","violin"
"4113","viola"
"4114","viola"
"4115","viola"
"4116","viola"
"4117","viola"
"4118","viola"
"4119","viola"
"4120","viola"
"4121","viola"
"4122","viola"
"4123","viola"
"4124","cello"
"4125","cello"
"4126","cello"
"4127","cello"
"4128","cello"
"4129","cello"
"4130","cello"
"4131","cello"
"4132","cello"
"4133","cello"
"4134","cello"
"4135","cello"
"4136","cello"
"4137","cello"
"4138","cello"
"4139","cello"
"4140","cello"
"4141","double bass"
"4142","double bass"
"4143","cello"
"4144","bass"
"4145","bass"
"4146","double bass"
"4147","double bass"
"4148","double bass"
"4149","harp"
"4150","flute"
"4151","flute"
"4152","flute"
"4153","flute"
"4154","flute"
"4155","flute"
"4156","flute and piccolo"
"4157","flute and piccolo"
"4158","flute and piccolo"
"4159","oboe"
"4160","oboe"
"4161","clarinet"
"4162","clarinet"
"4163","clarinet"
"4164","clarinet"
"4165","clarinet"
"4166","clarinet"
"4167","clarinet"
"4168","clarinet"
"4169","clarinet"
"4170","clarinet"
"4171","clarinet"
"4172","clarinet"
"4173","clarinet"
"4174","clarinet"
"4175","clarinet"
"4176","clarinet"
"4177","clarinet"
"4178","bassoon"
"4179","bassoon"
"4180","bassoon"
"4181","bassoon"
"4182","bassoon"
"4183","bassoonist and contrabassoon"
"4184","bassoonist and contrabassoon"
"4185","bassoonist and contrabassoon"
"4186","bassoonist and contrabassoon"
"4187","bassoonist and contrabassoon"
"4188","horn"
"4189","horn"
"4190","horn"
"4191","horn"
"4192","french horn"
"4193","french horn"
"4194","french horn"
"4195","horn"
"4196","trumpet"
"4197","trombone"
"4198","percussion"
"4199","percussion"
"4200","percussion"
"4201","percussion"
"4202","percussion"
"4203","percussion"
"4204","percussion"
"4205","cello"
"4206","violin"
"4207","violin"
"4208","bass"
"4209","bass"
"4210","bass"
"4211","violin"
"4212","violin"
"4213","violin"
"4214","violin"
"4215","violin"
"4216","violin"
"4217","violin"
"4218","violin"
"4219","violin"
"4220","violin"
"4221","violin"
"4222","violin"
"4223","violin"
"4224","violin"
"4225","violin"
"4226","violin"
"4227","violin"
"4228","violin"
"4229","violin"
"4230","violin"
"4231","violin"
"4232","violin"
"4233","violin"
"4234","violin"
"4235","violin"
"4236","violin"
"4237","violin"
"4238","violin"
"4239","violin"
"4240","violin"
"4241","violin"
"4242","violin"
"4243","violin"
"4244","violin"
"4245","violin"
"4246","violin"
"4247","violin"
"4248","violin"
"4249","violin"
"4250","violin"
"4251","violin"
"4252","violin"
"4253","violin"
"4254","violin"
"4255","viola"
"4256","viola"
"4257","viola"
"4258","viola"
"4259","viola"
"4260","viola"
"4261","viola"
"4262","viola"
"4263","viola"
"4264","viola"
"4265","viola"
"4266","viola"
"4267","viola"
"4268","viola"
"4269","viola"
"4270","viola"
"4271","viola"
"4272","viola"
"4273","viola"
"4274","cello"
"4275","cello"
"4276","cello"
"4277","cello"
"4278","cello"
"4279","cello"
"4280","cello"
"4281","cello"
"4282","cello"
"4283","cello"
"4284","cello"
"4285","cello"
"4286","cello"
"4287","bass"
"4288","bass"
"4289","bass"
"4290","bass"
"4291","double bass"
"4292","double bass"
"4293","double bass"
"4294","double bass"
"4295","double bass"
"4296","double bass"
"4297","double bass"
"4298","double bass"
"4299","double bass"
"4300","double bass"
"4301","double bass"
"4302","double bass"
"4303","double bass"
"4304","double bass"
"4305","double bass"
"4306","double bass"
"4307","double bass"
"4308","double bass"
"4309","bass"
"4310","flute"
"4311","bass"
"4312","bass"
"4313","bass"
"4314","flute"
"4315","flute"
"4316","oboe"
"4317","oboe"
"4318","clarinet"
"4319","english horn"
"4320","english horn"
"4321","english horn"
"4322","english horn"
"4323","bassoon"
"4324","bassoon"
"4325","bassoon"
"4326","french horn"
"4327","horn"
"4328","horn"
"4329","horn"
"4330","trumpet"
"4331","trumpet"
"4332","trumpet"
"4333","trombone"
"4334","bass trombone"
"4335","trombone"
"4336","trombone"
"4337","trombone"
"4338","trombone"
"4339","percussion"
"4340","timpanist/percussion"
"4341","percussion"
"4342","piano"
"4343","clarinet"
"4344","conductor"
"4345","conductor"
"4346","violin"
"4347","violin"
"4348","violin"
"4349","violin"
"4350","violin"
"4351","violin"
"4352","violin"
"4353","violin"
"4354","violin"
"4355","violin"
"4356","violin"
"4357","violin"
"4358","violin"
"4359","violin"
"4360","violin"
"4361","violin"
"4362","violin"
"4363","violin"
"4364","violin"
"4365","violin"
"4366","violin"
"4367","violin"
"4368","violin"
"4369","violin"
"4370","violin"
"4371","violin"
"4372","violin"
"4373","violin"
"4374","violin"
"4375","violin"
"4376","violin"
"4377","violin"
"4378","violin"
"4379","violin"
"4380","violin"
"4381","violin"
"4382","violin"
"4383","violin"
"4384","violin"
"4385","violin"
"4386","violin"
"4387","violin"
"4388","viola"
"4389","viola"
"4390","violin"
"4391","violin"
"4392","violin"
"4393","viola"
"4394","viola"
"4395","viola"
"4396","viola"
"4397","viola"
"4398","viola"
"4399","viola"
"4400","viola"
"4401","viola"
"4402","viola"
"4403","viola"
"4404","viola"
"4405","viola"
"4406","viola"
"4407","viola"
"4408","viola"
"4409","cello"
"4410","cello"
"4411","cello"
"4412","cello"
"4413","cello"
"4414","cello"
"4415","cello"
"4416","cello"
"4417","cello"
"4418","cello"
"4419","cello"
"4420","cello"
"4421","double bass"
"4422","double bass"
"4423","double bass"
"4424","orchestra musician"
"4425","orchestra musician"
"4426","orchestra musician"
"4427","orchestra musician"
"4428","orchestra musician"
"4429","double bass"
"4430","double bass"
"4431","double bass"
"4432","double bass"
"4433","double bass"
"4434","double bass"
"4435","double bass"
"4436","flute"
"4437","double bass"
"4438","flute"
"4439","flute"
"4440","oboe"
"4441","oboe"
"4442","oboe"
"4443","clarinet"
"4444","clarinet"
"4445","bassoon"
"4446","bassoon"
"4447","bassoon"
"4448","horn"
"4449","french horn"
"4450","french horn"
"4451","french horn"
"4452","trumpet"
"4453","trumpet"
"4454","trombone"
"4455","trombone"
"4456","trombone"
"4457","trumpet"
"4458","trumpet"
"4459","bass trombone"
"4460","bass trombone"
"4461","bass trombone"
"4462","tuba"
"4463","percussion"
"4464","percussion"
"4465","percussion"
"4466","percussion"
"4467","harp"
"4468","harp"
"4469","harp"
"4470","harp"
"4471","conductor"
"4472","conductor"
"4473","conductor"
"4474","conductor"
"4475","stage manager"
"4476","stage manager"
"4477","conductor"
"4478","conductor"
"4479","conductor"
"4480","conductor"
"4481","double bass"
"4482","violin"
"4483","violin"
"4484","violin"
"4485","violin"
"4486","violin"
"4487","violin"
"4488","violin"
"4489","violin"
"4490","violin"
"4491","violin"
"4492","violin"
"4493","violin"
"4494","violin"
"4495","violin"
"4496","violin"
"4497","violin"
"4498","violin"
"4499","violin"
"4500","violin"
"4501","harpsichordist"
"4502","harpsichordist"
"4503","violin"
"4504","violin"
"4505","violin"
"4506","violin"
"4507","violin"
"4508","violin"
"4509","violin"
"4510","violin"
"4511","violin"
"4512","violin"
"4513","violin"
"4514","violin"
"4515","violin"
"4516","violin"
"4517","violin"
"4518","violin"
"4519","violin"
"4520","violin"
"4521","viola"
"4522","viola"
"4523","viola"
"4524","viola"
"4525","viola"
"4526","viola"
"4527","viola"
"4528","viola"
"4529","viola"
"4530","viola"
"4531","viola"
"4532","viola"
"4533","viola"
"4534","viola"
"4535","viola"
"4536","cello"
"4537","cello"
"4538","cello"
"4539","cello"
"4540","cello"
"4541","cello"
"4542","cello"
"4543","cello"
"4544","cello"
"4545","cello"
"4546","cello"
"4547","cello"
"4548","cello"
"4549","cello"
"4550","cello"
"4551","double bass"
"4552","bass"
"4553","bass"
"4554","double bass"
"4555","double bass"
"4556","double bass"
"4557","flute"
"4558","flute"
"4559","flute"
"4560","flute"
"4561","flute"
"4562","flute"
"4563","piccoloist"
"4564","piccoloist"
"4565","piccoloist"
"4566","oboe"
"4567","english horn"
"4568","english horn"
"4569","clarinet"
"4570","clarinet"
"4571","clarinet"
"4572","bassoon"
"4573","bassoon"
"4574","bassoon"
"4575","bassoon"
"4576","bassoon"
"4577","horn"
"4578","horn"
"4579","horn"
"4580","horn"
"4581","horn"
"4582","horn"
"4583","horn"
"4584","horn"
"4585","horn"
"4586","horn"
"4587","french horn"
"4588","trumpet"
"4589","french horn"
"4590","trombone"
"4591","trombone"
"4592","trombone"
"4593","trombone"
"4594","trumpet"
"4595","trumpet"
"4596","trumpet"
"4597","trumpet"
"4598","trumpet"
"4599","trombone"
"4600","bass trombone"
"4601","tuba"
"4602","percussion"
"4603","percussion"
"4604","percussion"
"4605","percussion"
"4606","percussion"
"4607","percussion"
"4608","percussion"
"4609","percussion"
"4610","percussion"
"4611","percussion"
"4612","percussion"
"4613","percussion"
"4614","percussion"
"4615","percussion"
"4616","piano"
"4617","harpsichordist"
"4618","harpsichordist"
"4619","harp"
"4620","harp"
"4621","violin"
"4622","violin"
"4623","violin"
"4624","violin"
"4625","violin"
"4626","violin"
"4627","violin"
"4628","violin"
"4629","violin"
"4630","violin"
"4631","violin"
"4632","violin"
"4633","violin"
"4634","violin"
"4635","violin"
"4636","violin"
"4637","violin"
"4638","violin"
"4639","violin"
"4640","violin"
"4641","violin"
"4642","violin"
"4643","violin"
"4644","violin"
"4645","violin"
"4646","violin"
"4647","violin"
"4648","violin"
"4649","violin"
"4650","violin"
"4651","violin"
"4652","violin"
"4653","violin"
"4654","violin"
"4655","violin"
"4656","violin"
"4657","violin"
"4658","violin"
"4659","viola"
"4660","viola"
"4661","viola"
"4662","viola"
"4663","viola"
"4664","viola"
"4665","viola"
"4666","viola"
"4667","viola"
"4668","viola"
"4669","viola"
"4670","viola"
"4671","viola"
"4672","viola"
"4673","viola"
"4674","viola"
"4675","viola"
"4676","viola"
"4677","viola"
"4678","viola"
"4679","viola"
"4680","cello"
"4681","cello"
"4682","cello"
"4683","cello"
"4684","cello"
"4685","cello"
"4686","cello"
"4687","cello"
"4688","cello"
"4689","cello"
"4690","cello"
"4691","cello"
"4692","cello"
"4693","double bass"
"4694","cello"
"4695","double bass"
"4696","double bass"
"4697","double bass"
"4698","double bass"
"4699","double bass"
"4700","double bass"
"4701","double bass"
"4702","double bass"
"4703","double bass"
"4704","double bass"
"4705","flute"
"4706","flute"
"4707","flute"
"4708","flute"
"4709","flute and solo piccolo"
"4710","flute and solo piccolo"
"4711","oboe"
"4712","english horn / oboe"
"4713","english horn / oboe"
"4714","oboe"
"4715","oboe"
"4716","english horn / oboe"
"4717","english horn / oboe"
"4718","clarinet"
"4719","clarinet"
"4720","clarinet"
"4721","clarinet"
"4722","clarinet"
"4723","clarinet"
"4724","clarinet"
"4725","clarinet"
"4726","clarinet"
"4727","clarinet"
"4728","clarinet"
"4729","clarinet / bass clarinet"
"4730","clarinet"
"4731","clarinet"
"4732","bassoon"
"4733","bassoon"
"4734","horn"
"4735","horn"
"4736","french horn"
"4737","french horn"
"4738","trumpet"
"4739","trumpet"
"4740","trumpet"
"4741","trumpet"
"4742","trumpet"
"4743","trumpet"
"4744","trombone"
"4745","trombone"
"4746","trombone"
"4747","trombone"
"4748","trombone"
"4749","trombone"
"4750","tuba"
"4751","tuba"
"4752","percussion"
"4753","harp"
"4754","harp"
"4755","percussion"
"4756","percussion"
"4757","percussion"
"4758","percussion"
"4759","percussion"
"4760","percussion"
"4761","percussion"
"4762","percussion"
"4763","percussion"
"4764","piano"
"4765","violin"
"4766","violin"
"4767","violin"
"4768","violin"
"4769","violin"
"4770","violin"
"4771","violin"
"4772","violin"
"4773","violin"
"4774","violin"
"4775","violin"
"4776","violin"
"4777","violin"
"4778","violin"
"4779","violin"
"4780","violin"
"4781","violin"
"4782","violin"
"4783","violin"
"4784","violin"
"4785","violin"
"4786","violin"
"4787","violin"
"4788","violin"
"4789","violin"
"4790","violin"
"4791","violin"
"4792","violin"
"4793","violin"
"4794","violin"
"4795","violin"
"4796","violin"
"4797","violin"
"4798","violin"
"4799","violin"
"4800","viola"
"4801","viola"
"4802","viola"
"4803","viola"
"4804","viola"
"4805","viola"
"4806","viola"
"4807","viola"
"4808","viola"
"4809","cello"
"4810","cello"
"4811","cello"
"4812","cello"
"4813","cello"
"4814","cello"
"4815","cello"
"4816","cello"
"4817","cello"
"4818","cello"
"4819","cello"
"4820","cello"
"4821","cello"
"4822","cello"
"4823","cello"
"4824","cello"
"4825","cello"
"4826","cello"
"4827","cello"
"4828","double bass"
"4829","double bass"
"4830","double bass"
"4831","bass"
"4832","double bass"
"4833","double bass"
"4834","double bass"
"4835","harp"
"4836","flute"
"4837","flute"
"4838","flute"
"4839","flute"
"4840","flute"
"4841","flute"
"4842","flute"
"4843","flute and piccolo"
"4844","flute and piccolo"
"4845","flute and piccolo"
"4846","flute and piccolo"
"4847","flute and piccolo"
"4848","flute and piccolo"
"4849","flute and piccolo"
"4850","flute and piccolo"
"4851","flute and piccolo"
"4852","flute and piccolo"
"4853","clarinet"
"4854","clarinet"
"4855","clarinet"
"4856","clarinet"
"4857","clarinet"
"4858","clarinet"
"4859","clarinet"
"4860","clarinet"
"4861","clarinet"
"4862","clarinet"
"4863","clarinet"
"4864","clarinet"
"4865","clarinet"
"4866","clarinet"
"4867","clarinet"
"4868","bassoon"
"4869","bassoon"
"4870","bassoon"
"4871","bassoon"
"4872","bassoon"
"4873","bassoon"
"4874","trumpet"
"4875","bass trombone"
"4876","trombone"
"4877","trombone"
"4878","trombone"
"4879","trombone"
"4880","percussion"
"4881","percussion"
"4882","cello"
"4883","cello"
"4884","violin"
"4885","violin"
"4886","violin"
"4887","violin"
"4888","violin"
"4889","violin"
"4890","violin"
"4891","violin"
"4892","violin"
"4893","violin"
"4894","violin"
"4895","violin"
"4896","violin"
"4897","violin"
"4898","violin"
"4899","violin"
"4900","violin"
"4901","violin"
"4902","violin"
"4903","violin"
"4904","violin"
"4905","violin"
"4906","violin"
"4907","violin"
"4908","violin"
"4909","violin"
"4910","violin"
"4911","violin"
"4912","violin"
"4913","violin"
"4914","violin"
"4915","violin"
"4916","violin"
"4917","violin"
"4918","violin"
"4919","violin"
"4920","violin"
"4921","violin"
"4922","violin"
"4923","violin"
"4924","violin"
"4925","violin"
"4926","violin"
"4927","violin"
"4928","violin"
"4929","violin"
"4930","viola"
"4931","viola"
"4932","viola"
"4933","viola"
"4934","viola"
"4935","viola"
"4936","viola"
"4937","viola"
"4938","viola"
"4939","viola"
"4940","viola"
"4941","viola"
"4942","viola"
"4943","viola"
"4944","viola"
"4945","viola"
"4946","viola"
"4947","viola"
"4948","viola"
"4949","viola"
"4950","viola"
"4951","viola"
"4952","viola"
"4953","viola"
"4954","viola"
"4955","viola"
"4956","viola"
"4957","viola"
"4958","viola"
"4959","viola"
"4960","cello"
"4961","cello"
"4962","cello"
"4963","cello"
"4964","cello"
"4965","cello"
"4966","cello"
"4967","cello"
"4968","cello"
"4969","cello"
"4970","cello"
"4971","cello"
"4972","cello"
"4973","cello"
"4974","cello"
"4975","cello"
"4976","cello"
"4977","cello"
"4978","cello"
"4979","cello"
"4980","cello"
"4981","cello"
"4982","cello"
"4983","cello"
"4984","cello"
"4985","cello"
"4986","cello"
"4987","bass"
"4988","bass"
"4989","bass"
"4990","bass"
"4991","bass"
"4992","bass"
"4993","bass"
"4994","bass"
"4995","bass"
"4996","english horn"
"4997","english horn"
"4998","english horn"
"4999","english horn"
"5000","english horn"
"5001","english horn"
"5002","english horn"
"5003","english horn"
"5004","english horn"
"5005","english horn"
"5006","english horn"
"5007","english horn"
"5008","english horn"
"5009","english horn"
"5010","bassoon"
"5011","french horn"
"5012","french horn"
"5013","horn"
"5014","horn"
"5015","trumpet"
"5016","trumpet"
"5017","trombone"
"5018","trombone"
"5019","trombone"
"5020","timpanist/percussion"
"5021","timpanist/percussion"
"5022","percussion"
"5023","piano"
"5024","piano"
"5025","clarinet"
"5026","conductor"
"5027","violin"
"5028","violin"
"5029","violin"
"5030","violin"
"5031","violin"
"5032","violin"
"5033","violin"
"5034","violin"
"5035","violin"
"5036","violin"
"5037","violin"
"5038","violin"
"5039","violin"
"5040","violin"
"5041","violin"
"5042","violin"
"5043","violin"
"5044","violin"
"5045","violin"
"5046","violin"
"5047","violin"
"5048","violin"
"5049","violin"
"5050","violin"
"5051","violin"
"5052","violin"
"5053","violin"
"5054","violin"
"5055","violin"
"5056","viola"
"5057","viola"
"5058","viola"
"5059","viola"
"5060","viola"
"5061","viola"
"5062","viola"
"5063","viola"
"5064","viola"
"5065","viola"
"5066","viola"
"5067","viola"
"5068","viola"
"5069","viola"
"5070","viola"
"5071","viola"
"5072","viola"
"5073","viola"
"5074","cello"
"5075","cello"
"5076","cello"
"5077","cello"
"5078","cello"
"5079","cello"
"5080","cello"
"5081","cello"
"5082","cello"
"5083","cello"
"5084","cello"
"5085","cello"
"5086","cello"
"5087","cello"
"5088","cello"
"5089","cello"
"5090","cello"
"5091","double bass"
"5092","double bass"
"5093","double bass"
"5094","flute"
"5095","double bass"
"5096","flute"
"5097","flute"
"5098","flute"
"5099","flute"
"5100","flute"
"5101","oboe"
"5102","oboe"
"5103","oboe"
"5104","oboe"
"5105","oboe"
"5106","clarinet"
"5107","clarinet"
"5108","clarinet"
"5109","french horn"
"5110","trumpet"
"5111","trombone"
"5112","trumpet"
"5113","tuba"
"5114","percussion"
"5115","percussion"
"5116","harp"
"5117","conductor"
"5118","conductor"
"5119","conductor"
"5120","stage manager"
"5121","conductor"
"5122","conductor"
"5123","conductor"
"5124","conductor"
"5125","violin"
"5126","violin"
"5127","violin"
"5128","violin"
"5129","violin"
"5130","violin"
"5131","violin"
"5132","violin"
"5133","violin"
"5134","violin"
"5135","violin"
"5136","violin"
"5137","violin"
"5138","violin"
"5139","violin"
"5140","violin"
"5141","violin"
"5142","violin"
"5143","violin"
"5144","violin"
"5145","violin"
"5146","violin"
"5147","violin"
"5148","violin"
"5149","violin"
"5150","violin"
"5151","violin"
"5152","violin"
"5153","violin"
"5154","violin"
"5155","violin"
"5156","violin"
"5157","violin"
"5158","violin"
"5159","violin"
"5160","violin"
"5161","harpsichordist"
"5162","violin"
"5163","violin"
"5164","violin"
"5165","violin"
"5166","violin"
"5167","violin"
"5168","violin"
"5169","violin"
"5170","violin"
"5171","violin"
"5172","violin"
"5173","violin"
"5174","violin"
"5175","violin"
"5176","violin"
"5177","violin"
"5178","violin"
"5179","violin"
"5180","violin"
"5181","violin"
"5182","viola"
"5183","viola"
"5184","viola"
"5185","viola"
"5186","viola"
"5187","viola"
"5188","viola"
"5189","viola"
"5190","viola"
"5191","viola"
"5192","viola"
"5193","viola"
"5194","viola"
"5195","viola"
"5196","viola"
"5197","viola"
"5198","viola"
"5199","viola"
"5200","viola"
"5201","viola"
"5202","viola"
"5203","viola"
"5204","viola"
"5205","viola"
"5206","cello"
"5207","cello"
"5208","cello"
"5209","cello"
"5210","cello"
"5211","cello"
"5212","cello"
"5213","cello"
"5214","cello"
"5215","cello"
"5216","cello"
"5217","cello"
"5218","cello"
"5219","cello"
"5220","cello"
"5221","cello"
"5222","cello"
"5223","cello"
"5224","cello"
"5225","cello"
"5226","cello"
"5227","flute"
"5228","flute"
"5229","flute"
"5230","flute"
"5231","flute"
"5232","flute"
"5233","clarinet"
"5234","clarinet"
"5235","clarinet"
"5236","bassoon"
"5237","bassoon"
"5238","horn"
"5239","horn"
"5240","horn"
"5241","horn"
"5242","horn"
"5243","horn"
"5244","horn"
"5245","horn"
"5246","horn"
"5247","horn"
"5248","horn"
"5249","horn"
"5250","trombone"
"5251","bass trombone"
"5252","percussion"
"5253","percussion"
"5254","percussion"
"5255","percussion"
"5256","percussion"
"5257","percussion"
"5258","percussion"
"5259","percussion"
"5260","percussion"
"5261","percussion"
"5262","violin"
"5263","violin"
"5264","violin"
"5265","violin"
"5266","violin"
"5267","violin"
"5268","violin"
"5269","violin"
"5270","violin"
"5271","violin"
"5272","violin"
"5273","violin"
"5274","violin"
"5275","violin"
"5276","violin"
"5277","violin"
"5278","violin"
"5279","violin"
"5280","violin"
"5281","violin"
"5282","violin"
"5283","violin"
"5284","violin"
"5285","violin"
"5286","violin"
"5287","violin"
"5288","violin"
"5289","violin"
"5290","violin"
"5291","violin"
"5292","violin"
"5293","violin"
"5294","violin"
"5295","violin"
"5296","violin"
"5297","violin"
"5298","violin"
"5299","violin"
"5300","violin"
"5301","violin"
"5302","violin"
"5303","violin"
"5304","violin"
"5305","violin"
"5306","violin"
"5307","violin"
"5308","violin"
"5309","violin"
"5310","violin"
"5311","violin"
"5312","violin"
"5313","violin"
"5314","violin"
"5315","viola"
"5316","viola"
"5317","viola"
"5318","viola"
"5319","viola"
"5320","viola"
"5321","viola"
"5322","viola"
"5323","viola"
"5324","viola"
"5325","viola"
"5326","viola"
"5327","viola"
"5328","viola"
"5329","viola"
"5330","viola"
"5331","viola"
"5332","viola"
"5333","viola"
"5334","viola"
"5335","viola"
"5336","cello"
"5337","cello"
"5338","cello"
"5339","cello"
"5340","cello"
"5341","cello"
"5342","cello"
"5343","cello"
"5344","cello"
"5345","cello"
"5346","cello"
"5347","cello"
"5348","cello"
"5349","cello"
"5350","cello"
"5351","cello"
"5352","cello"
"5353","cello"
"5354","cello"
"5355","cello"
"5356","double bass"
"5357","cello"
"5358","double bass"
"5359","double bass"
"5360","double bass"
"5361","double bass"
"5362","double bass"
"5363","double bass"
"5364","double bass"
"5365","double bass"
"5366","double bass"
"5367","double bass"
"5368","flute"
"5369","oboe"
"5370","english horn / oboe"
"5371","oboe"
"5372","oboe"
"5373","oboe"
"5374","oboe"
"5375","oboe"
"5376","oboe"
"5377","english horn / oboe"
"5378","english horn / oboe"
"5379","english horn / oboe"
"5380","clarinet"
"5381","clarinet"
"5382","clarinet"
"5383","clarinet"
"5384","clarinet"
"5385","clarinet"
"5386","clarinet"
"5387","clarinet"
"5388","clarinet"
"5389","clarinet"
"5390","clarinet"
"5391","clarinet / bass clarinet"
"5392","bassoon"
"5393","french horn"
"5394","french horn"
"5395","french horn"
"5396","trumpet"
"5397","trumpet"
"5398","trombone"
"5399","trombone"
"5400","trombone"
"5401","trombone"
"5402","trombone"
"5403","percussion"
"5404","harp"
"5405","harp"
"5406","harp"
"5407","harp"
"5408","harp"
"5409","percussion"
"5410","percussion"
"5411","percussion"
"5412","piano"
"5413","piano"
"5414","piano"
